,,,13.6,13.6,12.8,12.0,11.0,10.3,9.8,9.2,9.1,8.8,8.8,8.8,,,,,,,,,,,
District name,Size rank,Total students,Percent in special ed in 03-04,Percent in special ed in 04-05,Percent in special ed in 05-06,Percent in special ed in 06-07,Percent in special ed in 07-08,Percent in special ed in 08-09,Percent in special ed in 09-10,Percent in special ed in 10-11,Percent in special ed in 11-12,Percent in special ed in 12-13,Percent in special ed in 13-14,Percent in special ed in 14-15,,,,,,,,,,,
A W BROWN-FELLOWSHIP CHARTER SCHOO,329,2152,9.5,10.1,11.7,12.6,9.8,8.8,8.4,6.8,6.6,1.3,6.4,5.6,,,,,,,,,,,
A+ ACADEMY,548,975,14.0,13.3,11.0,10.9,7.9,6.4,6.1,7.0,8.7,8.9,10.5,11.3,,,,,,,,,,,
ABBOTT ISD,934,264,16.3,13.8,11.3,11.4,11.5,10.5,9.8,,12.5,12.3,,8.3,,,,,,,,,,,
ABERNATHY ISD,614,779,15.5,13.5,15.1,14.4,12.6,12.1,10.6,10.4,9.4,9.9,9.1,8.9,,,,,,,,,,,
ABILENE ISD,71,17259,17.7,17.1,17.3,16.6,16.2,14.8,14.1,13.8,12.4,11.2,10.4,10.1,,,,,,,,,,,
ACADEMY ISD,446,1364,20.3,17.2,13.5,11.1,8.7,8.3,8.8,9.4,9.3,8.2,7.2,7.2,,,,,,,,,,,
ACADEMY OF ACCELERATED LEARNING I,631,747,,1.4,1.7,1.5,1.2,1.9,2.4,0.9,0.8,0.9,0.6,1.6,,,,,,,,,,,
ACADEMY OF CAREERS & TECHNOLOGIE,972,222,15.6,18.5,16.0,11.0,14.9,17.3,20.0,,,,,5.0,,,,,,,,,,,
ACADEMY OF DALLAS,682,644,5.4,8.1,6.3,5.3,4.3,3.8,5.2,7.5,6.0,2.8,13.8,2.3,,,,,,,,,,,
ACCELERATED INTERMEDIATE ACADEMY,946,254,11.7,13.7,9.9,10.1,7.8,8.6,11.0,12.4,7.4,5.5,6.0,7.5,,,,,,,,,,,
ADRIAN ISD,1097,117,13.5,15.0,13.9,12.8,13.8,11.4,11.5,8.8,10.0,8.2,13.7,,,,,,,,,,,,
AGUA DULCE ISD,836,397,10.4,11.7,11.1,8.5,9.3,8.4,9.6,9.3,8.6,7.6,6.0,7.3,,,,,,,,,,,
ALAMO HEIGHTS ISD,190,4763,10.0,8.6,7.9,7.7,7.6,5.9,5.4,5.8,5.9,6.9,7.1,7.1,,,,,,,,,,,
ALBA-GOLDEN ISD,592,853,15.2,16.7,17.7,15.3,11.4,9.9,9.7,8.5,8.9,10.1,9.9,8.6,,,,,,,,,,,
ALBANY ISD,776,486,15.9,13.6,11.7,10.4,8.9,9.4,9.1,9.9,10.0,8.8,8.1,8.8,,,,,,,,,,,
ALDINE ISD,9,69558,9.6,9.7,9.0,8.5,8.0,7.2,6.9,6.8,6.9,6.9,6.7,6.6,,,,,,,,,,,
ALEDO ISD,179,5037,9.5,10.2,9.8,9.4,8.5,8.0,8.0,7.6,7.2,6.7,6.7,6.7,,,,,,,,,,,
ALICE ISD,174,5245,11.2,11.3,10.8,10.5,9.9,9.1,9.2,9.5,10.0,9.4,8.7,8.0,,,,,,,,,,,
ALIEF ISD,22,47161,11.7,11.6,10.8,10.4,9.7,8.7,8.0,7.5,7.6,7.5,7.5,7.4,,,,,,,,,,,
ALIEF MONTESSORI COMMUNITY SCHOOL,902,296,4.3,3.5,5.2,2.4,2.8,5.8,4.6,3.3,2.1,2.4,3.9,4.7,,,,,,,,,,,
ALLEN ISD,60,20645,11.1,11.1,11.2,11.4,11.4,11.1,11.2,10.9,11.1,11.0,10.5,10.1,,,,,,,,,,,
ALPHA CHARTER SCHOOL,1051,157,11.5,19.4,19.5,13.4,16.5,19.6,17.8,,,,,8.9,,,,,,,,,,,
ALPINE ISD,534,1013,11.7,14.3,13.9,12.4,10.7,11.3,10.2,11.2,9.6,9.1,8.4,8.4,,,,,,,,,,,
ALTO ISD,681,646,10.9,9.6,10.3,10.5,10.9,10.1,7.9,7.2,8.3,7.9,9.2,10.7,,,,,,,,,,,
ALVARADO ISD,238,3497,12.3,12.9,11.1,10.5,9.8,9.4,8.9,9.6,9.0,7.9,7.0,7.4,,,,,,,,,,,
ALVIN ISD,59,20831,11.8,11.9,11.3,11.1,10.4,9.4,9.2,9.1,8.9,8.9,9.3,9.3,,,,,,,,,,,
ALVORD ISD,659,692,11.5,13.3,13.9,15.0,12.2,10.6,9.4,9.8,7.8,9.1,8.1,9.0,,,,,,,,,,,
AMARILLO ISD,39,33510,12.4,12.9,13.1,12.8,11.6,10.0,9.2,9.0,8.9,8.6,8.9,9.3,,,,,,,,,,,
AMHERST ISD,1049,160,10.1,12.6,11.2,13.6,14.0,14.3,15.0,,,,,,,,,,,,,,,,
AMIGOS POR VIDA-FRIENDS FOR LIFE C,762,500,5.7,4.6,4.9,4.8,6.0,5.5,5.6,5.9,5.6,4.5,5.7,4.2,,,,,,,,,,,
ANAHUAC ISD,471,1219,11.4,11.0,11.3,10.3,11.0,9.6,9.2,8.9,9.0,9.2,8.0,7.5,,,,,,,,,,,
ANDERSON-SHIRO CONS ISD,599,823,11.1,12.8,11.0,9.3,8.5,8.3,8.2,9.1,8.0,7.3,7.0,7.5,,,,,,,,,,,
ANDREWS ISD,213,4013,18.2,18.4,16.3,15.3,11.9,9.6,9.4,8.5,7.4,6.9,6.7,6.6,,,,,,,,,,,
ANGLETON ISD,148,6695,13.3,13.0,12.8,12.7,11.8,11.7,10.5,9.6,9.6,8.8,8.1,8.3,,,,,,,,,,,
ANNA ISD,273,2874,16.3,13.6,11.9,11.7,11.3,9.9,10.2,9.5,10.3,10.5,9.9,9.8,,,,,,,,,,,
ANSON ISD,651,714,19.5,19.4,18.5,15.6,15.6,13.1,13.9,12.2,11.2,10.3,9.8,10.4,,,,,,,,,,,
ANTHONY,585,872,13.5,13.7,12.0,11.4,10.7,9.5,7.2,7.9,8.4,6.8,8.6,9.9,,,,,,,,,,,
ANTON ISD,957,243,18.8,17.1,15.6,12.8,12.4,11.9,14.4,,,,8.0,8.2,,,,,,,,,,,
APPLE SPRINGS ISD,996,202,19.1,20.4,19.6,20.2,16.9,13.8,15.0,18.0,,,,,,,,,,,,,,,
AQUILLA ISD,923,275,10.4,11.6,9.3,11.7,11.0,7.8,7.6,,8.5,8.0,6.0,8.0,,,,,,,,,,,
ARANSAS COUNTY ISD,257,3252,15.4,15.9,14.1,12.9,11.5,10.2,9.5,8.9,9.0,8.5,8.7,8.7,,,,,,,,,,,
ARANSAS PASS ISD,361,1849,16.8,17.2,15.9,14.8,14.0,12.3,10.8,11.9,11.3,11.2,10.2,9.7,,,,,,,,,,,
ARCHER CITY ISD,779,484,16.0,15.2,11.7,13.6,12.2,12.6,10.0,10.7,9.6,8.6,10.9,11.2,,,,,,,,,,,
ARGYLE ISD,340,2063,12.4,13.7,11.8,10.8,10.0,10.1,10.7,9.8,9.4,9.5,9.5,8.8,,,,,,,,,,,
ARLINGTON CLASSICS ACADEMY,436,1392,3.2,9.1,4.5,8.4,5.1,5.9,3.4,3.8,2.4,2.9,3.3,3.9,,,,,,,,,,,
ARLINGTON ISD,11,63754,9.7,10.0,9.6,9.5,9.0,8.7,8.4,8.0,7.8,7.8,8.0,8.0,,,,,,,,,,,
ARP ISD,586,870,10.6,11.7,10.4,8.9,9.1,8.2,8.4,8.6,8.4,7.5,7.5,7.7,,,,,,,,,,,
ASPERMONT ISD,947,250,19.9,17.5,10.3,8.7,8.1,7.8,8.8,7.5,8.2,,7.5,8.4,,,,,,,,,,,
ATHENS ISD,255,3294,11.9,12.0,11.1,10.9,9.9,10.0,9.4,8.8,8.2,8.1,8.3,8.3,,,,,,,,,,,
ATLANTA ISD,371,1784,18.4,17.0,14.9,13.7,12.2,12.5,13.1,11.3,11.2,10.3,9.3,10.1,,,,,,,,,,,
AUBREY ISD,319,2213,11.5,12.8,10.5,10.6,11.0,10.5,10.7,9.6,9.2,8.4,7.5,7.9,,,,,,,,,,,
AUSTIN ISD,6,84297,12.2,12.5,12.1,10.9,9.8,9.2,9.3,9.5,9.8,10.0,9.9,10.0,,,,,,,,,,,
AUSTWELL-TIVOLI ISD,1045,163,16.9,20.3,20.0,18.0,18.4,14.5,11.8,,8.0,8.7,7.0,6.1,,,,,,,,,,,
AVALON ISD,852,372,18.1,17.8,13.9,11.1,10.9,10.8,8.7,10.2,11.3,12.5,11.6,14.2,,,,,,,,,,,
AVERY ISD,857,366,17.6,16.6,14.9,12.2,11.3,9.9,9.7,10.3,10.3,10.1,10.6,13.4,,,,,,,,,,,
AVINGER ISD,1040,167,23.2,23.3,19.4,22.3,19.7,17.2,15.5,,,9.4,7.2,8.4,,,,,,,,,,,
AXTELL ISD,645,721,21.1,20.9,19.0,16.8,13.0,11.0,10.8,10.0,8.6,8.7,9.5,9.7,,,,,,,,,,,
AZLE ISD,157,6155,12.8,13.2,13.7,13.0,12.4,11.8,10.5,9.2,8.3,7.8,8.4,8.9,,,,,,,,,,,
BAIRD ISD,884,322,19.3,20.4,19.6,15.5,16.4,15.0,13.4,11.9,12.7,10.3,10.2,11.2,,,,,,,,,,,
BALLINGER ISD,553,964,12.7,12.8,11.7,11.0,11.0,11.1,10.8,10.6,9.5,9.3,8.4,7.9,,,,,,,,,,,
BALMORHEA ISD,1047,161,15.8,15.7,16.3,11.8,10.2,9.5,6.9,7.5,7.1,8.5,,,,,,,,,,,,,
BANDERA ISD,315,2280,14.9,14.7,14.5,13.3,13.0,13.2,12.7,12.8,11.0,9.9,9.9,10.5,,,,,,,,,,,
BANGS ISD,532,1017,17.4,18.4,16.8,13.8,12.9,11.7,10.4,10.3,10.3,9.9,10.3,10.3,,,,,,,,,,,
BANQUETE ISD,568,910,12.0,10.9,10.8,10.0,9.0,8.8,7.8,8.2,11.2,10.3,10.4,8.5,,,,,,,,,,,
BARBERS HILL ISD,185,4902,7.4,7.7,8.1,6.9,7.3,7.3,6.7,6.3,6.0,6.1,6.5,6.8,,,,,,,,,,,
BARTLETT ISD,837,395,14.4,12.5,12.9,11.0,8.8,10.0,8.8,9.2,8.9,9.5,9.4,10.6,,,,,,,,,,,
BASTROP ISD,110,9908,12.3,12.1,12.8,13.3,12.2,11.6,11.7,11.1,11.0,10.9,10.7,10.7,,,,,,,,,,,
BAY AREA CHARTER SCHOOL,821,419,8.9,13.2,10.7,11.6,13.7,14.6,15.4,16.9,17.4,15.6,16.1,13.6,,,,,,,,,,,
BAY CITY ISD,227,3725,13.7,13.4,12.3,11.4,10.0,9.5,9.0,8.9,8.7,9.1,8.3,7.8,,,,,,,,,,,
BEATRICE MAYES INSTITUTE CHARTER S,789,472,5.2,5.9,6.8,7.5,7.3,5.5,5.8,6.5,6.8,6.4,6.6,6.6,,,,,,,,,,,
BEAUMONT ISD,64,19375,11.3,11.1,10.1,9.4,8.9,8.4,7.6,7.3,7.4,7.5,7.7,7.5,,,,,,,,,,,
BECKVILLE ISD,656,704,15.5,18.2,17.6,13.0,12.5,11.8,9.9,8.1,7.1,6.8,6.9,5.8,,,,,,,,,,,
BEEVILLE ISD,244,3429,10.9,10.5,10.4,9.6,9.4,9.2,9.9,9.9,9.8,9.2,9.6,9.7,,,,,,,,,,,
BELLEVUE ISD,1059,147,12.5,10.2,11.4,10.4,10.0,9.7,6.9,9.6,,8.8,,,,,,,,,,,,,
BELLS ISD,627,752,21.3,21.2,19.1,18.4,16.5,15.5,14.3,11.8,10.2,8.8,7.9,8.2,,,,,,,,,,,
BELLVILLE ISD,327,2162,13.8,15.1,14.8,13.9,12.9,12.2,12.0,10.4,9.8,8.3,7.8,8.1,,,,,,,,,,,
BELTON ISD,106,10521,15.7,15.6,13.8,12.6,12.1,11.2,11.0,10.7,11.1,11.1,10.7,10.7,,,,,,,,,,,
BEN BOLT-PALITO BLANCO ISD,692,626,11.0,11.6,10.8,11.0,11.0,11.0,9.1,9.2,10.1,11.9,9.8,10.5,,,,,,,,,,,
BENAVIDES ISD,853,371,12.2,12.0,11.6,10.6,7.7,8.1,8.6,7.9,9.6,11.9,11.3,12.7,,,,,,,,,,,
BENJAMIN ISD,1119,96,10.3,11.8,12.7,14.9,12.0,13.6,17.4,10.7,7.6,9.9,12.6,12.5,,,,,,,,,,,
BEXAR COUNTY ACADEMY,814,432,8.5,8.2,6.5,8.4,5.2,4.5,5.0,6.7,9.4,9.4,11.5,11.8,,,,,,,,,,,
BIG SANDY ISD,664,678,13.1,12.6,14.1,13.3,11.0,10.2,12.9,12.5,11.6,11.9,9.7,9.9,,,,,,,,,,,
BIG SANDY ISD,763,500,21.0,23.1,18.3,16.3,12.4,10.2,10.5,10.1,10.6,9.9,11.4,11.0,,,,,,,,,,,
BIG SPRING ISD,201,4254,11.3,11.6,12.5,12.7,12.9,12.3,11.5,10.9,10.9,9.9,10.0,9.2,,,,,,,,,,,
BIG SPRINGS CHARTER SCHOOL,1084,127,36.4,25.0,25.7,32.3,42.3,52.2,34.1,,,,26.4,26.8,,,,,,,,,,,
BIRDVILLE ISD,53,24324,13.3,13.1,12.5,11.8,11.1,11.2,11.1,11.1,10.4,9.9,9.5,9.1,,,,,,,,,,,
BISHOP CONS ISD,447,1354,13.7,14.2,12.7,9.5,7.7,7.5,6.4,5.9,8.7,8.8,10.1,10.0,,,,,,,,,,,
BLACKWELL CONS ISD,1079,131,16.5,19.7,12.9,12.9,14.6,11.5,12.2,,,,,,,,,,,,,,,,
BLANCO ISD,539,998,14.6,13.6,11.3,10.7,9.8,8.9,9.4,8.5,9.6,9.5,9.2,9.3,,,,,,,,,,,
BLAND ISD,718,584,15.0,16.3,15.0,14.3,15.0,12.3,10.7,9.0,9.9,10.2,9.5,8.2,,,,,,,,,,,
BLANKET ISD,993,205,15.8,17.6,18.6,16.2,13.7,9.3,7.3,8.4,,,,,,,,,,,,,,,
BLOOMBURG ISD,921,276,25.4,20.9,21.4,21.1,19.0,15.4,14.5,12.0,11.0,,,,,,,,,,,,,,
BLOOMING GROVE ISD,589,866,16.5,13.4,13.0,12.4,11.7,9.3,8.8,9.0,7.4,7.8,7.3,6.1,,,,,,,,,,,
BLOOMINGTON ISD,563,920,15.5,13.4,12.4,12.2,11.2,10.8,11.2,11.3,9.5,9.4,10.3,10.3,,,,,,,,,,,
BLUE RIDGE ISD,648,718,19.5,17.9,13.2,11.7,9.5,9.2,9.2,9.6,8.8,8.5,7.6,7.0,,,,,,,,,,,
BLUFF DALE ISD,1112,107,7.6,5.8,5.3,8.5,4.4,3.2,3.0,2.1,6.2,5.1,5.3,4.7,,,,,,,,,,,
BLUM ISD,849,375,14.3,13.9,12.9,12.6,12.5,10.8,10.9,12.6,15.1,14.0,14.9,14.4,,,,,,,,,,,
BOERNE ISD,137,7489,12.1,12.6,12.6,10.8,9.1,8.1,7.5,7.1,7.0,6.8,7.4,7.3,,,,,,,,,,,
BOLES ISD,760,503,15.8,16.1,13.0,13.0,12.3,10.3,10.2,10.9,10.1,9.5,9.5,10.3,,,,,,,,,,,
BOLING ISD,500,1116,12.6,11.1,10.2,8.9,9.4,8.3,7.8,7.2,6.9,6.7,7.2,7.6,,,,,,,,,,,
BONHAM ISD,352,1910,16.8,17.6,16.7,15.3,14.6,13.2,12.3,12.5,13.2,12.1,12.1,12.7,,,,,,,,,,,
BOOKER ISD,820,420,11.5,11.9,12.1,12.1,9.6,9.3,9.0,7.6,7.8,7.6,7.7,9.0,,,,,,,,,,,
BORDEN COUNTY ISD,949,249,8.8,10.1,11.0,9.8,8.4,7.8,5.4,4.4,4.7,6.3,7.0,6.8,,,,,,,,,,,
BORGER ISD,284,2741,13.7,14.9,14.4,13.3,12.2,11.5,10.6,10.5,9.6,10.0,9.9,9.8,,,,,,,,,,,
BOSQUEVILLE ISD,693,625,16.8,17.3,13.2,13.4,11.6,10.2,9.4,8.4,9.7,9.6,9.5,10.4,,,,,,,,,,,
BOVINA ISD,778,485,11.7,11.1,9.6,9.7,7.2,6.0,5.8,6.3,6.0,6.4,5.0,5.2,,,,,,,,,,,
BOWIE ISD,385,1707,12.2,12.5,12.6,12.6,11.5,11.0,10.3,10.7,10.1,8.8,9.4,9.2,,,,,,,,,,,
BOYD ISD,481,1154,15.0,14.7,14.9,15.5,16.2,14.0,12.2,10.1,9.8,9.3,8.2,6.9,,,,,,,,,,,
BOYS RANCH ISD,953,247,4.5,6.5,3.6,3.4,3.2,2.2,3.2,2.0,1.7,2.4,2.1,3.6,,,,,,,,,,,
BRACKETT ISD,684,641,15.4,17.0,16.1,12.5,11.2,11.1,12.4,11.7,10.7,9.3,9.7,10.5,,,,,,,,,,,
BRADY ISD,465,1237,15.5,16.2,17.1,15.7,14.6,13.3,12.4,12.1,12.8,12.4,12.7,12.5,,,,,,,,,,,
BRAZOS ISD,600,818,16.8,14.8,14.8,13.8,9.8,8.9,7.2,6.8,5.4,5.0,5.2,4.8,,,,,,,,,,,
BRAZOS RIVER CHARTER SCHOOL,955,246,13.6,24.8,19.7,17.8,16.2,19.7,22.3,,,16.4,,14.6,,,,,,,,,,,
BRAZOS SCHOOL FOR INQUIRY & CREATI,811,434,22.9,10.2,4.5,8.1,4.7,7.6,10.4,10.1,6.6,8.3,7.5,6.2,,,,,,,,,,,
BRAZOSPORT ISD,94,12389,13.8,14.2,13.9,13.4,12.3,11.7,10.9,10.6,9.9,9.0,8.5,8.2,,,,,,,,,,,
BRECKENRIDGE ISD,420,1472,13.4,14.1,12.1,11.4,11.2,10.2,9.6,8.9,8.3,8.9,9.8,10.0,,,,,,,,,,,
BREMOND ISD,805,445,11.0,9.7,11.8,13.3,12.0,13.2,10.7,9.2,10.4,10.0,9.6,9.4,,,,,,,,,,,
BRENHAM ISD,187,4857,11.7,13.2,13.0,12.5,12.6,12.6,12.8,12.0,12.3,12.2,11.1,11.2,,,,,,,,,,,
BRIDGE CITY ISD,278,2815,12.7,12.7,12.5,12.4,11.2,10.2,9.7,9.7,8.6,7.5,7.4,7.8,,,,,,,,,,,
BRIDGEPORT ISD,336,2083,14.7,14.3,11.8,10.8,10.7,11.0,9.7,9.2,9.1,8.8,8.1,8.8,,,,,,,,,,,
BRIGHT IDEAS CHARTER,1104,115,8.0,5.8,6.0,5.1,3.7,2.3,4.6,3.2,7.3,,,11.3,,,,,,,,,,,
BROADDUS ISD,823,419,18.6,19.1,18.7,15.6,14.2,12.9,11.4,11.6,11.2,11.6,10.0,9.5,,,,,,,,,,,
BROCK ISD,477,1175,9.5,10.8,12.5,11.2,9.9,9.6,7.6,5.5,5.6,4.7,6.0,6.0,,,,,,,,,,,
BRONTE ISD,924,274,11.3,16.0,15.8,15.6,13.9,13.1,9.7,10.9,,8.0,,,,,,,,,,,,,
BROOKELAND ISD,822,419,23.3,23.9,23.4,20.1,14.0,13.6,12.0,11.0,10.3,9.5,10.3,10.0,,,,,,,,,,,
BROOKESMITH ISD,1020,181,11.3,10.7,12.5,13.3,13.4,12.6,10.1,7.8,,,,,,,,,,,,,,,
BROOKS COUNTY ISD,410,1539,15.9,15.0,15.7,14.0,13.1,12.6,12.0,10.6,9.2,8.9,8.9,8.5,,,,,,,,,,,
BROWNFIELD ISD,366,1816,15.1,15.9,13.5,12.2,11.5,10.7,8.8,8.3,8.6,9.2,7.2,7.7,,,,,,,,,,,
BROWNSBORO ISD,287,2658,12.4,13.2,12.8,12.5,12.0,11.1,9.9,10.2,9.9,9.6,9.7,9.5,,,,,,,,,,,
BROWNSVILLE ISD,21,48269,12.8,13.2,12.2,11.6,10.8,10.4,10.6,10.5,10.2,10.1,10.1,10.2,,,,,,,,,,,
BROWNWOOD ISD,234,3572,10.4,11.3,11.3,11.3,9.9,9.1,8.8,8.6,7.8,8.6,8.6,8.0,,,,,,,,,,,
BRUCEVILLE-EDDY ISD,620,771,26.3,23.5,19.7,19.8,16.4,14.0,13.7,11.4,10.9,12.0,9.3,9.9,,,,,,,,,,,
BRYAN ISD,72,15894,10.5,9.0,8.5,7.9,7.4,6.8,6.4,6.8,6.8,7.0,7.4,7.9,,,,,,,,,,,
BRYSON ISD,926,272,17.2,16.3,14.3,12.1,13.5,10.9,10.7,,,13.4,13.4,11.8,,,,,,,,,,,
BUCKHOLTS ISD,1022,176,19.0,20.4,18.8,15.3,15.0,14.0,9.9,,,,,,,,,,,,,,,,
BUFFALO ISD,556,952,13.6,13.6,13.0,12.2,11.7,9.5,9.7,7.8,7.9,7.5,6.8,6.3,,,,,,,,,,,
BULLARD ISD,297,2450,12.7,14.0,13.2,11.3,11.1,10.5,10.0,9.9,9.7,10.4,11.0,10.9,,,,,,,,,,,
BUNA ISD,422,1461,16.5,15.5,13.7,14.1,12.6,12.0,11.4,10.9,10.1,9.3,9.0,8.8,,,,,,,,,,,
BURKBURNETT ISD,249,3361,11.8,11.4,11.1,11.4,11.2,11.3,10.8,10.4,10.9,10.8,9.7,9.9,,,,,,,,,,,
BURKEVILLE ISD,905,293,20.8,20.5,17.5,13.2,12.8,9.5,10.6,11.0,,,,7.8,,,,,,,,,,,
BURLESON ISD,101,10964,8.0,8.7,9.4,10.1,9.0,8.9,8.8,8.7,8.3,8.9,8.6,8.3,,,,,,,,,,,
BURNET CONS ISD,262,3140,15.7,16.2,16.4,14.3,11.9,11.7,11.4,11.2,11.2,9.7,9.9,9.9,,,,,,,,,,,
BURNHAM WOOD CHARTER SCHOOL,551,968,10.5,12.4,13.8,11.7,11.2,8.8,5.6,5.3,5.4,4.4,4.2,4.0,,,,,,,,,,,
BURTON ISD,841,388,16.5,13.6,11.5,12.1,12.0,11.6,11.8,10.8,10.0,10.7,12.7,12.1,,,,,,,,,,,
BUSHLAND ISD,417,1494,10.9,9.2,10.3,10.0,9.9,7.8,9.3,9.0,8.3,7.9,8.0,8.2,,,,,,,,,,,
BYNUM ISD,986,208,20.6,21.3,17.9,14.3,14.5,14.7,16.3,17.2,12.6,,,,,,,,,,,,,,
CADDO MILLS ISD,400,1593,13.9,15.1,14.4,13.3,12.1,11.0,10.3,9.9,9.8,8.9,8.2,8.5,,,,,,,,,,,
CALALLEN ISD,214,4012,12.8,11.4,10.5,10.0,9.3,9.2,9.6,9.6,10.2,10.1,10.1,9.7,,,,,,,,,,,
CALDWELL ISD,373,1772,13.4,15.1,14.8,13.5,13.2,11.5,9.3,8.7,8.9,6.9,6.6,6.7,,,,,,,,,,,
CALHOUN CO ISD,203,4223,12.7,13.0,13.2,12.3,12.9,12.9,12.4,12.0,11.4,9.9,8.5,8.1,,,,,,,,,,,
CALLISBURG ISD,487,1146,12.2,13.1,11.4,10.4,11.0,9.9,9.8,9.8,8.7,8.5,10.6,10.0,,,,,,,,,,,
CALVERT ISD,1036,169,17.9,16.0,14.7,14.6,15.5,13.4,11.3,,,,,,,,,,,,,,,,
CALVIN NELMS CHARTER SCHOOLS,897,303,10.3,9.3,4.9,7.7,5.5,7.8,9.1,,,,,7.6,,,,,,,,,,,
CAMERON ISD,387,1682,12.4,14.2,13.9,12.4,12.2,10.5,10.5,9.1,8.9,8.3,8.6,9.0,,,,,,,,,,,
CAMPBELL ISD,848,377,18.9,17.4,13.9,11.5,9.5,11.3,8.8,8.9,9.0,10.1,9.0,8.2,,,,,,,,,,,
CANADIAN ISD,520,1050,11.0,12.5,11.5,11.8,9.1,7.9,6.3,6.0,6.6,6.1,6.0,6.4,,,,,,,,,,,
CANTON ISD,341,2061,9.1,9.5,10.0,9.6,10.6,9.8,9.8,8.7,8.1,7.1,6.7,7.7,,,,,,,,,,,
CANUTILLO ISD,159,5891,10.1,9.9,9.2,9.0,8.6,8.4,8.3,8.2,8.5,8.9,9.3,9.2,,,,,,,,,,,
CANYON INDEPENDENT SCHOOL DISTRICT,113,9388,11.6,11.4,11.3,11.2,10.5,9.7,9.3,9.2,8.7,8.4,8.7,9.2,,,,,,,,,,,
CARLISLE ISD,673,661,10.4,11.1,12.4,11.8,10.8,9.7,9.3,8.0,5.7,6.0,6.9,6.4,,,,,,,,,,,
CARRIZO SPRINGS CONS ISD,298,2448,10.2,9.6,9.9,9.2,9.8,9.4,9.3,8.7,8.4,7.3,7.2,6.8,,,,,,,,,,,
CARROLL ISD,130,7884,10.1,10.6,10.8,10.4,10.7,10.7,10.0,10.0,9.5,8.7,7.8,7.1,,,,,,,,,,,
CARROLLTON-FARMERS BRANCH ISD,48,26206,9.9,10.2,10.3,10.5,10.4,9.4,9.6,9.7,9.8,9.2,9.2,9.4,,,,,,,,,,,
CARTHAGE ISD,286,2717,14.8,15.3,12.7,11.2,10.6,9.9,9.8,9.6,10.3,9.9,10.1,10.3,,,,,,,,,,,
CASTLEBERRY ISD,208,4076,9.7,9.0,8.4,8.5,8.4,7.4,6.9,7.2,7.9,7.6,7.2,7.3,,,,,,,,,,,
CAYUGA ISD,721,577,18.3,16.8,15.6,16.3,13.4,13.6,12.3,12.4,12.2,12.3,13.7,13.2,,,,,,,,,,,
CEDAR CREST CHARTER SCHOOL,476,1200,,5.9,-2.0,-2.0,-2.0,-2.0,5.7,6.1,3.6,3.7,6.8,7.2,,,,,,,,,,,
CEDAR HILL ISD,131,7882,10.9,10.7,10.6,9.8,9.3,8.7,8.5,8.4,8.5,8.3,8.6,8.8,,,,,,,,,,,
CEDARS INTERNATIONAL ACADEMY,838,392,9.2,6.5,12.3,14.4,14.4,13.7,10.1,7.7,5.2,5.8,4.8,3.8,,,,,,,,,,,
CELESTE ISD,798,452,14.8,16.7,15.8,14.1,14.5,11.9,14.7,14.3,13.6,13.9,12.7,11.9,,,,,,,,,,,
CELINA ISD,322,2201,12.7,12.7,12.2,12.3,11.3,10.7,9.9,9.3,8.6,8.4,7.9,7.2,,,,,,,,,,,
CENTER ISD,282,2785,10.4,11.2,10.7,9.3,9.6,9.4,9.2,9.4,8.9,8.5,8.5,9.1,,,,,,,,,,,
CENTER POINT ISD,711,593,13.1,11.8,13.1,11.6,10.9,9.9,9.1,10.2,8.2,8.6,7.6,8.6,,,,,,,,,,,
CENTERVILLE ISD,657,697,13.5,14.7,13.3,14.1,13.2,12.0,11.1,10.8,10.0,9.2,8.3,7.0,,,,,,,,,,,
CENTERVILLE ISD,1091,122,13.8,14.8,15.5,11.3,9.9,12.5,9.9,,,,11.9,8.2,,,,,,,,,,,
CENTRAL HEIGHTS ISD,483,1150,14.3,13.2,13.8,11.8,10.3,8.7,7.8,6.8,6.1,6.7,5.9,5.9,,,,,,,,,,,
CENTRAL ISD,406,1558,17.9,19.9,18.2,18.3,15.8,13.6,12.2,10.7,9.8,8.8,9.0,9.3,,,,,,,,,,,
CHANNELVIEW ISD,114,9131,11.9,11.5,10.6,10.4,10.5,9.7,8.7,8.2,7.9,8.0,8.2,8.4,,,,,,,,,,,
CHANNING ISD,1057,152,13.4,12.3,8.5,6.8,9.4,9.4,10.9,7.9,5.7,8.0,10.2,7.2,,,,,,,,,,,
CHAPEL HILL ISD,237,3532,8.3,8.9,9.1,8.9,8.5,7.6,7.5,7.0,7.0,7.0,6.7,7.8,,,,,,,,,,,
CHAPEL HILL ISD,538,1001,10.7,11.2,12.2,11.0,10.4,9.7,9.4,9.9,10.0,9.6,9.3,9.7,,,,,,,,,,,
CHARLOTTE ISD,746,514,14.9,13.0,10.8,9.6,10.0,8.7,7.8,5.7,6.9,6.5,9.3,10.5,,,,,,,,,,,
CHEROKEE ISD,1111,108,14.2,16.7,17.7,16.2,13.9,14.2,11.0,9.0,11.3,,,7.4,,,,,,,,,,,
CHESTER ISD,1023,175,16.8,15.1,16.2,17.5,14.6,14.8,13.0,,,,,,,,,,,,,,,,
CHICO ISD,702,604,12.9,11.7,13.9,12.4,10.6,9.5,7.1,7.1,7.1,8.3,8.3,8.4,,,,,,,,,,,
CHILDRESS ISD,482,1152,17.4,16.2,14.6,15.1,13.0,12.3,12.4,10.8,10.6,11.0,9.2,10.3,,,,,,,,,,,
CHILLICOTHE ISD,1017,183,14.7,14.4,11.6,10.5,12.3,13.7,13.5,,,,,,,,,,,,,,,,
CHILTON   ISD,767,494,15.5,15.8,13.6,13.1,13.6,15.0,13.9,14.0,12.7,13.7,11.6,12.3,,,,,,,,,,,
CHINA SPRING ISD,295,2463,19.6,18.9,18.0,16.2,12.0,9.4,8.4,8.3,7.7,8.2,9.1,9.5,,,,,,,,,,,
CHIRENO ISD,851,373,14.7,16.5,14.2,14.5,12.5,11.1,10.0,8.9,7.5,7.1,7.7,7.5,,,,,,,,,,,
CHISUM ISD,569,905,12.0,11.0,11.1,11.8,12.4,11.1,10.1,10.5,8.8,9.7,9.9,9.6,,,,,,,,,,,
CHRISTOVAL ISD,764,500,14.7,15.4,13.9,13.2,9.5,9.9,8.6,7.3,6.1,5.8,5.3,5.0,,,,,,,,,,,
CISCO ISD,584,876,17.8,17.0,16.9,15.9,15.4,12.9,12.7,12.5,12.6,10.6,9.7,10.0,,,,,,,,,,,
CITY VIEW ISD,524,1043,10.3,10.7,11.0,9.8,10.1,10.2,9.5,8.6,10.0,9.8,11.8,12.8,,,,,,,,,,,
CLARENDON ISD,781,481,17.1,17.8,16.8,14.7,12.7,11.7,11.4,11.0,10.8,9.5,9.4,9.6,,,,,,,,,,,
CLARKSVILLE ISD,696,612,19.8,18.3,18.1,16.9,14.4,13.5,12.3,15.9,12.8,12.3,10.2,9.6,,,,,,,,,,,
CLAUDE ISD,865,357,16.5,15.9,12.6,13.7,13.8,14.8,12.8,11.2,12.1,12.5,12.2,10.4,,,,,,,,,,,
CLEAR CREEK ISD,28,40719,9.0,9.6,9.8,10.0,10.1,9.8,9.2,8.9,9.2,9.4,9.5,9.6,,,,,,,,,,,
CLEBURNE ISD,151,6570,12.3,6.3,12.8,12.2,11.0,10.2,9.3,8.9,8.6,8.3,8.7,8.7,,,,,,,,,,,
CLEVELAND ISD,222,3846,11.0,11.9,12.1,10.6,9.9,9.1,8.6,8.0,7.7,7.7,7.9,7.6,,,,,,,,,,,
CLIFTON ISD,530,1026,12.6,12.6,12.4,12.6,11.8,11.5,11.0,11.1,10.7,10.3,10.3,10.6,,,,,,,,,,,
CLINT ISD,95,11745,9.2,8.6,8.6,8.2,7.9,7.9,7.1,7.1,7.1,6.4,6.4,7.1,,,,,,,,,,,
CLYDE CONS ISD,426,1453,16.2,15.4,14.1,12.7,10.4,10.2,10.1,9.9,9.7,8.3,8.8,9.9,,,,,,,,,,,
COAHOMA ISD,572,897,13.0,13.6,13.5,13.7,9.9,8.7,9.6,9.1,9.6,8.5,7.1,7.1,,,,,,,,,,,
COLDSPRING-OAKHURST CONS ISD,413,1526,13.4,15.8,15.5,17.4,13.7,12.3,11.7,11.4,10.0,9.9,8.7,9.1,,,,,,,,,,,
COLEMAN ISD,561,929,13.7,13.2,12.0,11.9,10.3,10.0,10.3,8.9,9.4,9.8,10.2,10.8,,,,,,,,,,,
COLLEGE STATION ISD,92,12521,8.8,9.2,8.9,9.0,8.6,8.3,7.9,7.8,7.8,8.1,8.4,8.3,,,,,,,,,,,
COLLINSVILLE ISD,734,535,11.2,12.7,11.7,9.4,8.7,8.3,9.6,8.6,8.0,6.2,6.2,5.4,,,,,,,,,,,
COLMESNEIL ISD,831,405,11.8,15.3,13.7,12.8,11.3,11.4,10.7,11.1,9.6,9.1,11.1,8.1,,,,,,,,,,,
COLORADO ISD,528,1030,12.5,12.6,12.3,10.9,11.2,10.9,11.0,9.0,8.9,9.0,8.5,8.3,,,,,,,,,,,
COLUMBIA-BRAZORIA ISD,265,3077,12.9,13.4,13.2,12.9,12.2,10.8,10.1,10.3,10.2,9.8,8.4,8.0,,,,,,,,,,,
COLUMBUS ISD,398,1598,13.2,11.9,11.7,13.7,13.9,11.9,11.0,10.3,10.1,9.6,9.5,10.5,,,,,,,,,,,
COMAL ISD,62,20307,13.3,12.8,11.7,11.2,9.7,9.0,9.3,9.3,9.1,9.1,9.4,9.7,,,,,,,,,,,
COMANCHE ISD,461,1262,13.0,12.3,11.4,11.2,9.6,9.7,8.2,8.1,8.9,10.0,11.1,10.1,,,,,,,,,,,
COMFORT ISD,497,1125,10.0,10.0,9.9,10.7,10.6,10.5,10.4,11.1,12.0,11.2,9.8,9.9,,,,,,,,,,,
COMMERCE ISD,407,1554,18.2,19.2,18.0,15.6,13.4,12.8,12.8,11.7,10.4,10.0,10.2,10.6,,,,,,,,,,,
COMMUNITY ISD,364,1827,16.5,14.9,12.5,11.3,9.6,8.1,8.6,8.5,9.0,8.6,9.1,9.2,,,,,,,,,,,
COMO-PICKTON CISD,613,782,14.1,16.3,15.4,12.1,12.0,12.4,10.4,10.4,9.3,9.8,9.6,8.3,,,,,,,,,,,
COMSTOCK ISD,992,206,6.2,8.4,9.9,8.5,8.6,7.9,9.8,,,7.7,,,,,,,,,,,,,
CONNALLY ISD,311,2328,15.4,14.8,13.6,13.4,13.1,13.3,12.3,11.1,9.3,8.4,8.4,7.7,,,,,,,,,,,
CONROE ISD,14,56268,10.6,10.7,10.2,9.9,9.3,8.7,8.1,7.7,7.5,7.4,7.4,7.6,,,,,,,,,,,
COOLIDGE ISD,874,337,19.3,18.1,17.2,18.0,14.7,13.1,13.9,15.0,15.6,14.5,17.2,15.1,,,,,,,,,,,
COOPER ISD,604,808,15.2,17.0,17.2,15.4,13.4,13.5,12.2,10.1,9.0,9.9,9.5,10.4,,,,,,,,,,,
COPPELL ISD,98,11561,8.8,9.0,8.9,8.7,7.9,7.0,6.1,6.0,5.5,5.1,4.9,4.9,,,,,,,,,,,
COPPERAS COVE ISD,132,7841,12.2,12.5,11.1,10.8,9.9,9.5,8.6,8.5,8.1,8.0,8.6,9.0,,,,,,,,,,,
CORPUS CHRISTI ISD,31,38698,14.1,14.1,14.1,13.2,12.3,11.7,11.0,10.5,10.0,9.4,9.1,9.0,,,,,,,,,,,
CORRIGAN-CAMDEN ISD,544,987,16.8,18.9,16.7,15.9,14.5,13.9,12.9,13.7,12.5,11.7,10.7,10.9,,,,,,,,,,,
CORSICANA ISD,160,5885,13.0,12.1,10.9,10.1,9.5,8.9,8.2,7.5,7.9,7.3,8.0,7.9,,,,,,,,,,,
COTTON CENTER ISD,1107,112,12.7,13.4,11.0,10.6,8.8,8.9,10.0,10.0,,,11.5,11.6,,,,,,,,,,,
COTULLA ISD,448,1352,12.6,11.6,10.7,11.1,11.3,9.2,7.9,8.1,7.9,7.0,7.9,9.2,,,,,,,,,,,
COUPLAND ISD,1068,142,8.9,8.3,5.8,7.7,6.9,5.6,4.4,8.9,10.4,6.6,4.8,4.9,,,,,,,,,,,
COVINGTON ISD,901,297,14.5,13.9,12.6,12.7,13.8,14.6,13.4,11.2,13.1,15.0,15.2,16.5,,,,,,,,,,,
CRANDALL ISD,254,3296,12.6,12.8,10.7,9.7,9.1,8.6,8.3,7.9,8.9,8.2,7.8,7.7,,,,,,,,,,,
CRANE ISD,478,1164,15.6,13.7,12.2,11.2,10.2,8.1,7.0,7.3,8.2,7.7,7.9,7.6,,,,,,,,,,,
CRANFILLS GAP ISD,1086,125,15.0,16.5,21.3,16.2,13.4,10.2,6.5,7.0,8.5,7.1,8.1,10.4,,,,,,,,,,,
CRAWFORD ISD,714,586,10.3,9.9,10.6,10.5,10.7,9.6,9.3,8.9,9.5,8.3,8.6,8.2,,,,,,,,,,,
CROCKETT CO CONS CSD,588,866,9.3,12.5,13.3,12.3,10.0,8.6,7.9,8.1,8.1,7.9,7.7,6.8,,,,,,,,,,,
CROCKETT ISD,454,1303,12.4,11.4,10.3,10.6,9.6,9.4,9.6,8.1,8.7,9.5,10.4,9.7,,,,,,,,,,,
CROSBY ISD,168,5448,12.9,12.3,11.7,11.2,10.0,9.0,8.9,8.7,8.1,8.7,8.8,9.2,,,,,,,,,,,
CROSBYTON CISD,856,366,19.4,20.9,16.7,16.5,13.8,10.5,10.8,9.2,8.8,11.1,11.8,12.3,,,,,,,,,,,
CROSS PLAINS ISD,869,350,15.3,14.4,13.1,11.5,9.5,9.0,7.4,7.1,6.5,7.5,8.9,9.4,,,,,,,,,,,
CROSS ROADS ISD,716,585,14.4,16.1,12.0,12.4,10.7,10.7,9.7,11.2,11.2,10.6,11.4,10.8,,,,,,,,,,,
CROWELL ISD,977,212,17.4,18.9,16.9,17.1,15.9,16.7,15.2,15.4,14.6,15.5,15.7,15.6,,,,,,,,,,,
CROWLEY ISD,79,14951,12.0,11.3,11.4,9.8,8.5,8.4,8.0,8.3,8.7,8.7,8.9,8.7,,,,,,,,,,,
CRYSTAL CITY ISD,338,2068,10.7,9.5,9.2,8.9,8.6,7.6,7.7,7.0,7.4,7.5,7.9,8.5,,,,,,,,,,,
CUERO ISD,326,2174,14.0,13.0,14.2,11.8,12.1,12.5,8.8,8.5,8.4,8.5,9.6,10.2,,,,,,,,,,,
CULBERSON COUNTY-ALLAMOORE ISD,815,431,13.2,11.9,10.4,8.5,7.7,7.0,6.2,5.8,7.8,6.5,5.7,5.6,,,,,,,,,,,
CUMBERLAND ACADEMY,529,1030,23.9,19.2,20.0,16.1,12.7,9.0,14.5,9.6,8.6,7.0,6.8,6.1,,,,,,,,,,,
CUMBY ISD,850,375,15.7,17.9,16.2,17.3,15.7,12.9,12.2,12.0,12.8,12.7,12.6,13.6,,,,,,,,,,,
CUSHING ISD,758,504,17.2,20.2,18.5,14.3,12.1,9.6,9.1,10.5,11.2,10.0,11.3,11.5,,,,,,,,,,,
CYPRESS-FAIRBANKS ISD,3,112808,9.1,9.0,8.6,8.2,7.7,7.2,7.1,7.1,7.2,7.1,7.1,7.1,,,,,,,,,,,
D'HANIS ISD,875,337,15.5,17.9,15.2,11.9,12.7,11.5,9.6,9.6,11.1,,9.0,,,,,,,,,,,,
DAINGERFIELD-LONE STAR ISD,507,1089,14.6,14.4,11.8,13.3,12.7,11.5,12.6,13.3,14.0,13.9,12.3,13.2,,,,,,,,,,,
DALHART ISD,374,1767,14.9,15.3,13.9,13.5,12.8,12.3,11.3,10.5,8.8,8.2,7.1,6.9,,,,,,,,,,,
DALLAS CAN ACADEMY CHARTER,207,4187,14.8,14.9,10.7,11.9,12.7,14.0,13.6,12.4,13.4,11.6,11.6,10.4,,,,,,,,,,,
DALLAS COMMUNITY CHARTER SCHOOL,925,272,9.6,12.9,9.4,8.9,5.1,4.0,5.3,,,11.4,8.4,6.6,,,,,,,,,,,
DALLAS COUNTY JUVENILE JUSTICE,1076,134,,0.5,-2.0,-2.0,2.1,-1.0,-1.0,4.9,,10.0,,8.2,,,,,,,,,,,
DALLAS ISD,2,159661,7.7,8.1,8.3,8.3,8.0,7.2,7.4,7.5,7.4,7.1,7.1,6.9,,,,,,,,,,,
DAMON ISD,1006,189,12.4,11.4,12.2,13.6,14.3,12.5,12.5,,,,,,,,,,,,,,,,
DANBURY ISD,611,785,11.3,12.5,12.4,13.0,13.5,12.6,10.7,9.2,8.5,10.3,9.0,8.0,,,,,,,,,,,
DARROUZETT ISD,1108,112,9.9,9.1,9.7,9.5,11.1,10.7,9.8,8.9,5.2,7.9,6.1,8.9,,,,,,,,,,,
DAWSON ISD,792,466,16.0,14.5,12.8,10.9,9.5,9.4,10.5,8.7,9.5,8.7,8.8,7.5,,,,,,,,,,,
DAWSON ISD,1026,173,13.8,12.7,8.6,12.2,12.6,11.4,6.5,6.7,6.8,7.4,8.2,8.7,,,,,,,,,,,
DAYTON ISD,176,5198,11.8,11.5,10.6,9.5,9.3,7.8,7.2,7.6,7.4,7.8,8.0,9.0,,,,,,,,,,,
DE LEON ISD,686,635,12.1,13.5,11.0,9.4,9.6,7.4,7.2,7.9,7.1,9.0,9.6,10.6,,,,,,,,,,,
DECATUR ISD,268,3003,10.9,12.1,12.7,12.4,11.4,10.3,9.8,10.3,9.1,8.5,8.0,9.5,,,,,,,,,,,
DEER PARK ISD,89,13131,10.5,11.0,11.1,11.0,10.8,10.2,10.2,10.1,10.1,9.7,9.6,9.9,,,,,,,,,,,
DEKALB ISD,607,801,16.2,17.3,15.9,14.2,14.1,14.3,13.2,11.7,10.9,11.0,11.4,11.2,,,,,,,,,,,
DEL VALLE ISD,97,11718,14.7,14.2,13.7,11.8,10.5,10.1,10.1,9.9,9.1,8.9,9.4,9.4,,,,,,,,,,,
DELL CITY ISD,1126,73,13.0,8.6,11.8,7.4,8.5,6.6,11.0,11.4,16.4,7.9,15.5,9.6,,,,,,,,,,,
DENISON ISD,197,4540,19.1,19.2,19.6,18.6,17.2,17.1,16.5,15.2,13.9,14.1,14.8,14.2,,,,,,,,,,,
DENTON ISD,47,26952,12.8,12.2,11.9,11.5,10.8,10.5,10.1,9.7,9.1,9.4,9.6,9.8,,,,,,,,,,,
DENVER CITY ISD,377,1758,12.5,12.3,10.4,8.5,7.3,7.7,7.2,6.6,6.0,6.2,6.0,5.5,,,,,,,,,,,
DESOTO ISD,112,9570,12.2,12.5,11.8,10.8,10.2,10.2,10.1,10.4,10.0,9.7,9.5,9.3,,,,,,,,,,,
DETROIT ISD,736,535,18.1,19.0,16.9,14.6,12.2,11.2,14.1,14.6,18.3,16.7,12.6,13.6,,,,,,,,,,,
DEVERS ISD,1035,170,16.1,17.8,15.1,7.8,5.1,6.8,7.6,,7.9,8.3,,7.1,,,,,,,,,,,
DEVINE ISD,347,1960,12.7,12.6,12.5,12.0,10.6,10.4,10.3,9.6,9.7,9.7,9.4,9.0,,,,,,,,,,,
DEW ISD,1060,147,12.0,9.5,9.6,8.9,5.0,3.7,2.7,5.5,7.0,5.2,6.2,6.1,,,,,,,,,,,
DEWEYVILLE ISD,679,652,18.1,15.9,11.5,9.7,7.9,6.8,6.3,5.2,6.8,8.5,8.7,10.3,,,,,,,,,,,
DIBOLL ISD,349,1939,12.6,12.4,11.8,10.7,9.8,9.6,8.8,8.6,8.9,7.7,9.3,10.9,,,,,,,,,,,
DICKINSON ISD,107,10380,10.7,10.6,10.6,10.5,10.6,9.6,9.2,8.9,8.9,8.6,9.0,9.5,,,,,,,,,,,
DILLEY ISD,522,1046,15.4,15.6,14.4,13.5,13.0,12.1,11.2,10.2,8.8,7.6,7.1,8.2,,,,,,,,,,,
DIME BOX ISD,1015,185,16.3,16.2,14.9,14.6,14.4,16.7,16.9,,,,,,,,,,,,,,,,
DIMMITT ISD,466,1234,9.9,10.2,8.9,7.7,7.3,6.6,6.4,6.0,6.6,6.3,6.7,7.7,,,,,,,,,,,
DODD CITY ISD,842,385,13.2,11.9,12.8,13.5,10.2,10.0,8.2,8.5,7.0,7.8,7.8,8.6,,,,,,,,,,,
DONNA INDEPENDENT SCHOOL DISTRICT,74,15347,9.6,9.9,9.3,8.5,7.8,7.1,6.5,6.4,6.4,6.5,6.6,6.5,,,,,,,,,,,
DOSS CONS CSD,1132,18,9.5,16.1,12.0,13.6,15.0,12.0,10.0,10.0,9.5,10.3,26.3,27.8,,,,,,,,,,,
DOUGLASS ISD,800,451,11.5,12.0,10.9,9.2,8.6,6.2,6.6,6.7,9.0,10.6,10.0,10.0,,,,,,,,,,,
DRIPPING SPRINGS ISD,170,5420,13.0,12.6,12.7,11.2,10.2,9.9,9.9,10.2,9.9,9.7,9.5,9.7,,,,,,,,,,,
DRISCOLL ISD,910,286,11.9,12.1,9.3,8.8,7.3,7.4,8.3,6.8,7.2,6.5,6.4,7.7,,,,,,,,,,,
DUBLIN ISD,479,1158,13.0,12.8,11.0,10.2,9.4,8.6,7.9,6.8,5.9,6.3,5.8,5.5,,,,,,,,,,,
DUMAS ISD,196,4572,9.8,10.4,10.2,9.5,10.0,9.3,8.4,8.8,8.8,9.3,8.8,9.5,,,,,,,,,,,
DUNCANVILLE ISD,91,12908,11.8,12.1,11.8,11.7,10.7,10.4,10.0,10.0,9.5,9.2,9.1,9.2,,,,,,,,,,,
EAGLE ACADEMY OF ABILENE,84,14033,15.5,19.9,14.6,12.5,9.9,7.9,7.5,8.0,7.3,6.6,8.1,7.7,,,,,,,,,,,
EAGLE ADVANTAGE SCHOOL,395,1633,8.1,9.4,6.2,5.4,6.4,7.0,6.2,7.4,7.8,7.3,6.5,7.2,,,,,,,,,,,
EAGLE MT-SAGINAW ISD,66,18659,8.4,8.3,8.7,9.2,9.3,8.7,8.3,8.0,8.1,8.3,8.3,8.4,,,,,,,,,,,
EAGLE PASS ISD,77,15070,8.6,8.8,8.1,8.0,8.0,7.5,7.4,7.5,7.4,7.0,7.2,7.8,,,,,,,,,,,
EANES ISD,125,7971,10.7,10.8,10.5,9.4,8.5,8.0,7.8,7.7,7.6,7.4,7.5,8.1,,,,,,,,,,,
EARLY ISD,474,1216,13.5,14.7,13.9,12.0,10.7,10.2,9.3,8.5,8.7,9.6,9.4,9.9,,,,,,,,,,,
EAST BERNARD ISD,546,981,13.3,12.5,9.3,8.5,7.6,6.6,5.8,6.2,6.3,6.7,5.7,6.2,,,,,,,,,,,
EAST CENTRAL ISD,111,9768,12.4,12.2,11.6,11.2,11.2,10.5,10.1,10.4,11.0,10.7,10.4,10.2,,,,,,,,,,,
EAST CHAMBERS ISD,430,1425,13.0,14.2,13.4,13.6,12.5,12.3,10.5,9.5,10.0,9.0,8.5,8.1,,,,,,,,,,,
EAST FW MONTESSORI ACADEMY,769,492,6.0,6.4,1.8,2.4,2.3,4.5,3.9,3.5,2.8,2.2,4.1,3.9,,,,,,,,,,,
EAST TEXAS CHARTER SCHOOLS,1024,174,5.0,7.9,9.6,10.1,16.7,16.4,13.4,,9.1,7.2,5.8,6.3,,,,,,,,,,,
EASTLAND ISD,510,1086,13.5,14.5,13.8,12.3,11.6,11.5,11.5,11.2,10.8,9.4,8.5,9.1,,,,,,,,,,,
ECTOR COUNTY ISD,42,31886,11.5,11.7,10.9,10.7,10.1,9.6,9.3,8.7,7.9,7.2,7.0,7.1,,,,,,,,,,,
ECTOR ISD,928,270,16.0,16.7,15.2,17.3,18.5,16.7,12.4,13.8,14.2,12.7,13.8,12.2,,,,,,,,,,,
EDCOUCH-ELSA ISD,178,5048,9.7,9.2,8.6,8.7,8.4,8.0,6.8,6.7,7.0,7.5,7.4,7.4,,,,,,,,,,,
EDEN C I S D,952,247,12.5,12.6,14.6,14.0,12.4,10.1,9.4,,,,,13.0,,,,,,,,,,,
EDEN PARK ACADEMY,444,1368,11.4,14.1,10.6,12.2,16.6,17.0,13.3,,6.7,5.7,6.4,6.7,,,,,,,,,,,
EDGEWOOD ISD,96,11735,14.2,13.8,13.2,12.8,12.4,11.3,10.3,10.1,9.9,9.6,9.5,9.2,,,,,,,,,,,
EDGEWOOD ISD,567,911,12.5,13.5,13.5,14.0,13.6,13.5,12.2,12.1,11.3,11.2,12.1,11.9,,,,,,,,,,,
EDINBURG CONSOLIDATED,37,34240,9.1,9.2,9.0,9.3,9.1,8.8,8.4,7.8,7.5,7.1,6.6,6.2,,,,,,,,,,,
EDNA ISD,404,1572,11.3,11.8,13.3,14.3,13.7,11.6,11.8,11.3,10.8,11.2,10.6,9.8,,,,,,,,,,,
EDUCATION CENTER,782,480,18.9,22.9,18.4,14.7,13.7,12.3,12.7,15.5,13.8,16.6,13.4,10.8,,,,,,,,,,,
EDUCATION CENTER INTERNATIONAL ACA,834,399,17.2,14.7,7.1,13.4,9.9,8.1,3.0,7.4,,,8.0,9.0,,,,,,,,,,,
EHRHART SCHOOL,909,286,12.2,10.9,8.9,7.1,6.5,5.6,5.1,5.0,5.7,5.6,4.4,3.8,,,,,,,,,,,
EL CAMPO ISD,231,3621,12.8,12.4,12.7,12.2,10.9,10.0,8.9,7.8,7.3,7.3,7.5,8.5,,,,,,,,,,,
EL PASO ACADEMY,793,460,7.0,11.8,6.6,8.6,8.0,7.8,7.2,8.9,5.8,6.4,6.9,7.8,,,,,,,,,,,
EL PASO ISD,12,60706,8.8,8.7,8.4,8.3,8.3,8.2,8.1,8.4,8.6,8.7,9.4,9.8,,,,,,,,,,,
ELECTRA ISD,828,410,11.2,12.7,11.9,11.0,10.8,9.3,11.8,11.2,12.4,12.3,10.7,11.2,,,,,,,,,,,
ELGIN ISD,200,4275,11.6,11.0,12.2,11.3,10.5,9.8,9.7,9.5,9.0,8.9,8.6,9.1,,,,,,,,,,,
ELKHART ISD,473,1217,20.8,20.2,16.5,14.2,12.2,11.8,9.4,8.4,9.5,9.4,9.0,10.4,,,,,,,,,,,
ELYSIAN FIELDS ISD,541,991,13.3,13.9,13.5,13.1,12.9,11.5,11.8,12.0,11.5,10.6,10.8,10.3,,,,,,,,,,,
ENNIS ISD,162,5790,15.9,16.7,16.0,13.8,12.2,11.3,10.9,10.9,10.4,9.8,9.5,10.4,,,,,,,,,,,
ERA ISD,788,472,11.0,8.5,12.2,14.1,14.2,13.1,13.2,9.0,8.4,6.4,6.9,7.4,,,,,,,,,,,
ETOILE ISD,1080,129,15.4,15.2,16.6,16.3,14.8,14.7,10.5,,,,,,,,,,,,,,,,
EULA ISD,833,400,19.3,19.1,18.6,15.6,13.2,12.9,10.8,11.2,13.2,11.6,8.4,8.5,,,,,,,,,,,
EUSTACE ISD,416,1511,20.6,21.5,18.5,18.1,16.6,13.6,12.7,12.5,12.8,13.1,13.0,12.3,,,,,,,,,,,
EVADALE ISD,784,480,15.8,15.1,13.2,13.1,11.3,11.4,9.1,12.1,10.1,8.8,7.4,7.7,,,,,,,,,,,
EVANT ISD,938,259,10.3,11.4,10.5,12.1,10.7,10.8,12.5,,,,,6.6,,,,,,,,,,,
EVERMAN ISD,166,5540,14.7,15.0,11.6,11.8,10.5,9.0,8.2,8.4,7.9,8.0,7.9,8.4,,,,,,,,,,,
EVOLUTION ACADEMY CHARTER SCHOOL,609,794,15.3,13.6,11.9,10.1,12.3,10.6,17.2,17.4,16.0,14.9,12.1,10.3,,,,,,,,,,,
EXCELSIOR ISD,1120,92,26.5,20.0,17.5,15.7,14.8,19.8,18.1,,24.4,,,,,,,,,,,,,,
EZZELL ISD,1124,81,7.3,11.4,9.5,16.1,14.6,18.8,11.9,12.9,12.3,8.2,13.4,13.6,,,,,,,,,,,
FABENS ISD,308,2333,8.0,9.6,10.3,11.3,12.4,13.4,13.5,12.5,12.3,11.4,10.9,10.5,,,,,,,,,,,
FAIRFIELD ISD,376,1761,14.2,15.5,14.8,14.0,12.5,11.1,10.6,10.0,8.9,7.9,7.1,6.2,,,,,,,,,,,
FAITH FAMILY ACADEMY OF OAK CLIFF,305,2390,8.4,7.5,7.8,8.0,7.1,6.1,8.4,6.9,5.9,5.2,4.8,4.5,,,,,,,,,,,
FALLS CITY ISD,863,360,9.3,10.3,9.5,10.7,10.6,10.3,7.9,8.0,9.3,7.8,7.2,7.5,,,,,,,,,,,
FANNINDEL ISD,1027,173,17.3,20.6,23.9,23.7,21.8,19.4,16.8,17.7,15.3,,,,,,,,,,,,,,
FARMERSVILLE ISD,409,1549,12.8,12.2,12.0,11.1,9.9,8.1,8.2,8.7,9.0,8.8,9.3,10.4,,,,,,,,,,,
FARWELL ISD,727,552,16.0,15.5,12.4,10.0,8.0,7.5,6.6,5.3,5.3,6.5,7.0,8.0,,,,,,,,,,,
FAYETTEVILLE ISD,982,211,9.0,11.8,10.4,9.8,9.7,6.5,6.7,7.8,7.9,,8.5,8.5,,,,,,,,,,,
FERRIS ISD,296,2451,16.8,17.2,15.9,14.6,12.5,12.4,11.2,10.4,9.7,8.8,8.8,10.0,,,,,,,,,,,
FLATONIA ISD,705,600,9.4,9.8,9.8,9.4,7.2,6.4,7.2,8.1,8.7,7.9,7.4,6.5,,,,,,,,,,,
FLORENCE ISD,540,993,16.4,15.1,15.3,13.9,11.2,10.6,9.9,10.2,9.7,9.5,9.9,10.0,,,,,,,,,,,
FLORESVILLE ISD,218,3941,13.4,13.0,13.0,13.3,13.0,13.2,12.1,10.3,10.8,10.7,10.8,10.6,,,,,,,,,,,
FLOUR BLUFF ISD,161,5793,12.8,11.8,11.7,10.8,10.5,10.4,10.1,10.2,10.1,10.1,9.9,10.3,,,,,,,,,,,
FLOYDADA ISD,626,755,10.9,11.0,12.4,13.0,10.9,10.1,8.8,8.0,8.1,8.2,7.5,7.7,,,,,,,,,,,
FOCUS LEARNING ACADEMY,576,885,32.2,30.2,23.3,21.8,23.1,20.9,30.8,24.2,23.9,18.8,15.8,14.9,,,,,,,,,,,
FOLLETT ISD,1003,192,12.3,16.7,10.8,8.3,7.3,10.0,11.0,8.0,5.7,6.5,7.3,7.3,,,,,,,,,,,
FORESTBURG ISD,1004,192,22.0,20.7,14.8,13.0,10.8,9.8,8.8,,8.3,,,,,,,,,,,,,,
FORNEY ISD,116,8987,12.3,12.0,10.7,9.5,8.9,8.6,8.1,7.5,7.7,8.1,7.8,7.8,,,,,,,,,,,
FORSAN ISD,638,739,9.2,10.0,10.7,11.3,9.5,8.5,7.3,6.1,5.2,6.3,5.8,4.2,,,,,,,,,,,
FORT BEND ISD ,7,72013,9.8,10.0,9.3,8.5,7.7,7.0,6.3,5.9,6.1,6.2,6.2,6.2,,,,,,,,,,,
FORT ELLIOTT CISD,1039,168,8.4,7.8,9.3,8.3,8.6,12.1,11.6,,,,,,,,,,,,,,,,
FORT WORTH ACADEMY OF FINE ARTS,744,517,5.6,6.4,8.4,9.8,6.1,4.9,6.0,4.4,3.8,3.3,2.7,2.5,,,,,,,,,,,
FORT WORTH ISD,5,85867,9.4,9.2,8.9,8.8,8.1,7.6,7.3,7.2,5.6,7.5,7.5,7.5,,,,,,,,,,,
FRANKLIN ISD,505,1102,10.7,10.1,8.1,9.4,10.0,9.3,8.7,9.9,9.7,8.7,9.0,9.9,,,,,,,,,,,
FRANKSTON ISD,606,802,13.2,15.2,14.4,14.2,13.1,11.6,11.0,11.1,10.9,10.7,9.6,9.6,,,,,,,,,,,
FREDERICKSBURG ISD,267,3008,10.7,10.3,9.3,9.4,9.2,9.2,9.0,9.0,9.6,8.3,8.7,9.6,,,,,,,,,,,
FREER ISD,615,778,10.0,10.3,10.6,11.6,12.1,10.0,8.6,8.3,11.5,11.0,11.3,11.6,,,,,,,,,,,
FRENSHIP ISD,119,8807,11.8,10.9,9.9,9.1,8.5,8.1,8.1,7.7,7.4,7.3,7.3,7.7,,,,,,,,,,,
FRIENDSWOOD ISD,158,6100,8.9,9.5,10.0,9.6,9.3,8.7,8.4,8.5,8.5,8.3,8.2,8.4,,,,,,,,,,,
FRIONA ISD,484,1150,11.0,11.8,10.1,9.2,8.9,8.3,7.9,7.3,7.9,8.7,9.2,9.5,,,,,,,,,,,
FRISCO ISD,19,49612,10.6,9.6,8.8,8.5,8.5,8.8,8.8,9.0,9.0,9.0,9.0,8.8,,,,,,,,,,,
FROST ISD,824,416,16.6,18.8,15.6,12.3,8.5,8.1,10.5,9.4,10.1,7.3,8.0,6.7,,,,,,,,,,,
FRUITVALE ISD,839,391,17.9,18.9,16.6,15.8,14.1,13.8,14.3,11.1,10.3,9.9,10.9,12.0,,,,,,,,,,,
FT DAVIS ISD,974,217,17.7,17.8,16.1,13.4,13.3,8.8,9.2,8.0,8.5,7.8,,,,,,,,,,,,,
FT HANCOCK ISD,807,440,7.2,8.7,7.7,7.9,6.7,7.1,4.7,4.6,3.8,5.4,7.5,5.7,,,,,,,,,,,
FT SAM HOUSTON ISD,415,1514,15.6,14.7,14.9,13.8,11.8,11.9,13.5,12.5,10.3,12.4,12.2,13.1,,,,,,,,,,,
FT STOCKTON ISD,294,2486,10.3,9.4,9.0,8.4,7.1,6.0,5.3,5.6,5.9,6.1,6.6,5.8,,,,,,,,,,,
GAINESVILLE ISD,274,2858,15.3,16.6,15.1,13.3,12.6,11.4,11.3,9.6,8.7,7.7,7.6,7.1,,,,,,,,,,,
GALENA PARK ISD,57,22722,11.7,12.1,11.3,10.4,9.3,8.8,8.6,8.7,8.7,8.6,8.4,8.2,,,,,,,,,,,
GALVESTON ISD,144,6968,11.3,11.1,10.0,9.8,9.4,8.0,7.6,7.0,6.4,6.9,7.1,7.1,,,,,,,,,,,
GANADO ISD,617,777,11.8,11.8,10.2,10.0,10.4,9.5,9.2,9.2,8.0,8.4,8.7,8.9,,,,,,,,,,,
GARLAND ISD,13,57377,11.3,10.6,9.9,9.6,9.2,8.9,9.1,9.3,9.1,8.8,8.6,8.4,,,,,,,,,,,
GARNER ISD,999,199,20.7,14.6,11.5,14.0,11.4,14.9,10.3,,,7.4,7.0,8.0,,,,,,,,,,,
GARRISON ISD,641,734,15.6,15.5,13.5,12.3,10.6,9.4,9.5,9.8,10.1,9.1,10.2,9.0,,,,,,,,,,,
GARY ISD,795,458,23.2,23.1,20.4,18.3,17.1,16.0,13.8,12.7,10.8,8.3,8.6,9.8,,,,,,,,,,,
GATESVILLE ISD,276,2820,18.7,18.7,18.8,18.1,15.9,14.7,14.2,13.2,12.6,12.3,11.8,12.2,,,,,,,,,,,
GATEWAY  ACADEMY,862,361,10.5,15.0,18.7,21.9,28.6,25.6,25.7,20.8,17.8,14.6,13.8,10.0,,,,,,,,,,,
GATEWAY CHARTER ACADEMY,642,729,10.9,12.0,9.6,9.9,9.9,9.4,8.4,6.7,6.5,6.7,7.8,9.3,,,,,,,,,,,
GAUSE ISD,1013,186,14.0,18.5,17.4,17.3,15.0,12.8,9.0,,6.8,5.3,6.2,,,,,,,,,,,,
GEORGE GERVIN ACADEMY,498,1123,18.1,11.4,11.9,11.7,9.4,6.3,4.2,2.4,2.9,3.2,3.1,4.9,,,,,,,,,,,
GEORGE I SANCHEZ,639,737,6.9,9.1,10.2,9.2,7.6,7.5,7.0,6.8,7.1,7.0,5.5,6.6,,,,,,,,,,,
GEORGE WEST ISD,490,1133,10.8,10.5,11.1,11.5,11.5,11.2,10.4,9.7,8.2,7.8,8.0,9.4,,,,,,,,,,,
GEORGETOWN ISD,105,10634,9.5,8.8,9.0,8.5,8.1,7.7,8.0,8.3,9.1,9.1,8.6,8.7,,,,,,,,,,,
GHOLSON ISD,951,248,14.1,15.5,14.3,13.4,10.3,12.9,12.3,8.3,10.8,8.5,,,,,,,,,,,,,
GIDDINGS ISD,346,1960,9.6,9.1,8.5,8.6,7.9,7.5,6.7,7.5,8.2,9.2,8.7,10.1,,,,,,,,,,,
GILMER ISD,303,2416,15.6,14.0,13.6,11.5,10.3,9.9,10.8,8.8,8.2,8.2,8.0,7.7,,,,,,,,,,,
GIRLS & BOYS PREP ACADEMY,633,745,4.0,5.6,6.8,7.7,6.8,6.6,7.1,9.4,8.9,9.6,10.9,7.0,,,,,,,,,,,
GLADEWATER ISD,367,1811,15.2,14.9,13.4,12.2,12.1,11.9,11.8,11.3,11.4,10.8,10.8,10.4,,,,,,,,,,,
GLASSCOCK COUNTY ISD,893,308,10.1,11.1,12.6,11.4,11.6,10.3,9.1,,7.1,5.9,7.7,7.1,,,,,,,,,,,
GLEN ROSE ISD,389,1663,14.4,13.2,12.7,12.0,10.7,10.4,9.5,8.2,8.3,7.2,6.5,6.4,,,,,,,,,,,
GODLEY ISD,365,1822,25.0,21.8,18.8,15.4,13.8,14.5,12.8,11.5,10.8,10.6,9.6,10.3,,,,,,,,,,,
GOLD BURG ISD,1073,137,23.5,21.3,14.8,18.3,15.0,14.5,16.5,7.5,10.4,13.6,,8.8,,,,,,,,,,,
GOLDEN RULE CHARTER SCHOOL,412,1531,8.9,11.3,10.2,10.4,8.8,7.2,5.3,4.6,2.9,3.9,3.6,3.7,,,,,,,,,,,
GOLDTHWAITE ISD,706,600,13.5,14.8,13.8,11.2,10.1,8.0,7.5,8.0,8.9,9.6,8.7,8.8,,,,,,,,,,,
GOLIAD ISD,433,1406,15.3,14.2,13.7,13.6,11.3,10.9,9.8,10.2,11.0,9.0,9.9,9.4,,,,,,,,,,,
GONZALES ISD,280,2800,11.9,11.1,11.1,9.7,9.2,8.3,7.8,7.8,8.0,8.5,9.3,9.4,,,,,,,,,,,
GOODRICH ISD,959,241,17.9,20.2,19.6,19.6,18.4,13.6,7.6,,7.4,5.6,5.9,7.5,,,,,,,,,,,
GOOSE CREEK CISD,56,23067,9.7,8.4,9.7,9.8,9.9,9.8,9.8,9.2,9.3,9.3,9.1,9.2,,,,,,,,,,,
GORDON ISD,997,201,11.3,15.0,13.6,12.5,10.2,9.6,12.3,,,,8.3,,,,,,,,,,,,
GORMAN ISD,882,323,17.9,16.2,15.7,15.3,13.5,12.9,12.8,9.6,10.4,11.2,12.5,12.7,,,,,,,,,,,
GRADY ISD,965,231,12.4,13.8,11.3,9.9,8.8,8.2,5.8,4.4,4.5,5.2,5.8,6.5,,,,,,,,,,,
GRAFORD ISD,877,335,14.4,14.5,13.3,13.6,13.1,13.1,11.7,,7.9,7.6,9.0,7.8,,,,,,,,,,,
GRAHAM ISD,293,2499,12.7,13.1,13.1,12.0,11.8,11.2,10.8,10.4,10.6,10.2,10.0,10.0,,,,,,,,,,,
GRANBURY ISD,147,6859,12.7,12.6,13.0,13.1,13.1,12.2,10.9,10.9,11.1,11.7,12.3,12.1,,,,,,,,,,,
GRAND PRAIRIE ISD,45,28326,12.8,12.9,12.3,11.9,10.7,9.5,9.1,9.1,9.0,9.4,9.0,9.2,,,,,,,,,,,
GRAND SALINE ISD,509,1087,10.9,12.0,13.1,11.6,10.6,8.5,9.2,8.8,8.5,8.0,7.9,8.3,,,,,,,,,,,
GRANDFALLS-ROYALTY ISD,1066,143,23.9,24.5,21.1,19.7,14.2,13.5,15.4,,10.3,11.5,10.3,9.1,,,,,,,,,,,
GRANDVIEW ISD,499,1118,17.4,17.1,14.9,13.2,12.7,11.4,10.4,10.6,9.0,8.7,8.4,8.7,,,,,,,,,,,
GRANDVIEW-HOPKINS ISD,1131,42,4.8,6.1,-2.0,-2.0,5.3,3.7,-2.0,-2.0,2.0,-1.0,4.3,14.3,,,,,,,,,,,
GRANGER ISD,818,426,14.3,12.1,13.7,12.6,12.3,11.6,11.7,10.8,11.7,9.2,9.3,8.7,,,,,,,,,,,
GRAPE CREEK ISD,503,1107,15.8,16.4,15.4,16.6,15.9,14.7,12.4,11.7,11.2,11.1,11.7,11.2,,,,,,,,,,,
GRAPELAND ISD,773,487,17.1,16.1,16.6,14.1,12.2,9.8,10.8,9.8,11.0,9.5,9.7,11.5,,,,,,,,,,,
GRAPEVINE-COLLEYVILLE ISD,86,13748,7.4,7.5,7.3,7.4,7.4,7.5,7.4,7.6,7.9,7.7,7.5,7.5,,,,,,,,,,,
GREENVILLE ISD,192,4711,11.3,10.6,10.8,12.0,9.6,9.0,8.8,9.2,8.9,9.3,9.6,9.8,,,,,,,,,,,
GREENWOOD ISD,328,2156,11.9,10.4,9.2,8.3,7.7,7.3,6.1,5.4,5.0,4.9,4.9,4.9,,,,,,,,,,,
GREGORY-PORTLAND ISD,195,4593,11.8,11.7,11.6,10.6,10.9,10.1,9.6,9.7,9.4,9.3,8.9,9.4,,,,,,,,,,,
GROESBECK ISD,363,1828,15.0,14.6,14.5,15.3,13.8,13.0,12.1,12.8,12.1,11.9,11.5,10.7,,,,,,,,,,,
GROOM ISD,1074,136,7.3,7.8,12.2,13.2,13.6,12.2,10.4,11.8,9.8,6.6,8.1,9.6,,,,,,,,,,,
GROVETON ISD,653,713,14.4,15.7,12.7,10.6,11.7,11.5,10.5,12.1,12.9,9.8,8.9,8.8,,,,,,,,,,,
GRUVER ISD,802,449,10.9,10.3,8.2,7.3,8.2,7.3,8.1,6.7,7.8,8.4,7.8,6.5,,,,,,,,,,,
GUNTER ISD,608,797,18.8,18.7,17.4,15.0,13.9,11.7,11.7,10.4,9.2,8.6,7.7,7.8,,,,,,,,,,,
GUSTINE ISD,973,221,14.8,8.1,8.9,8.1,9.0,7.6,7.0,6.9,5.9,,,14.9,,,,,,,,,,,
GUTHRIE CSD,1102,115,13.5,12.5,11.7,14.0,11.3,14.7,10.3,12.1,9.5,6.3,5.3,4.3,,,,,,,,,,,
HALE CENTER ISD,676,654,18.2,16.7,16.9,16.4,14.9,12.5,13.4,11.9,12.7,10.0,8.3,7.6,,,,,,,,,,,
HALLETTSVILLE ISD,523,1044,15.4,15.1,16.1,17.4,16.5,14.6,14.4,13.2,12.0,11.5,9.8,10.2,,,,,,,,,,,
HALLSBURG ISD,1050,159,15.7,18.3,11.4,11.6,13.6,7.7,6.1,8.5,8.8,5.7,4.6,5.7,,,,,,,,,,,
HALLSVILLE ISD,188,4821,10.3,11.1,11.2,11.0,11.1,10.5,10.2,10.3,9.8,8.9,8.5,8.3,,,,,,,,,,,
HAMILTON INDEPENDENT SCHOOL DISTRI,628,752,13.9,12.5,11.5,12.1,11.7,11.0,10.0,12.4,14.2,11.4,12.4,11.2,,,,,,,,,,,
HAMLIN ISD,810,435,25.2,22.2,18.8,14.9,13.1,11.3,10.9,11.6,9.5,10.6,10.2,10.3,,,,,,,,,,,
HAMSHIRE-FANNETT ISD,370,1785,12.7,13.4,13.8,12.0,10.1,9.3,9.6,7.8,7.6,7.0,6.8,6.6,,,,,,,,,,,
HAPPY ISD,939,259,16.3,17.6,15.5,13.9,9.3,6.2,5.8,7.6,,,8.4,7.3,,,,,,,,,,,
HARDIN ISD,451,1317,13.5,11.6,11.1,9.6,8.6,7.9,7.2,7.4,7.0,6.7,6.4,6.5,,,,,,,,,,,
HARDIN-JEFFERSON ISD,318,2222,14.2,15.5,14.4,14.0,11.6,11.0,8.7,7.5,6.1,6.4,7.6,7.7,,,,,,,,,,,
HARLANDALE ISD,75,15238,15.4,14.1,12.4,11.4,10.7,10.1,9.4,9.1,9.0,9.1,8.9,9.0,,,,,,,,,,,
HARLETON ISD,632,746,13.6,12.7,12.3,12.1,13.7,12.5,11.3,11.0,10.3,9.9,11.1,10.3,,,,,,,,,,,
HARLINGEN CONS ISD,67,18634,10.2,10.1,9.1,8.7,8.1,7.9,7.5,7.7,7.9,8.1,8.4,8.6,,,,,,,,,,,
HARMONY ISD,517,1061,16.7,14.8,12.2,11.0,10.3,8.0,8.0,8.1,6.8,7.1,6.6,6.3,,,,,,,,,,,
HARMONY SCIENCE ACADEMY,239,3471,5.7,5.0,3.5,2.6,2.4,2.4,2.7,2.4,2.9,3.8,4.2,4.4,,,,,,,,,,,
HARMONY SCIENCE ACADEMY - AUSTIN,242,3444,6.5,5.8,5.9,4.2,3.1,4.6,4.2,3.4,3.6,5.0,5.4,5.5,,,,,,,,,,,
HARPER ISD,699,608,18.6,17.8,14.2,12.0,11.4,10.9,9.7,11.1,10.7,12.3,12.3,10.9,,,,,,,,,,,
HARROLD ISD,1099,117,14.7,11.6,9.8,11.5,10.9,13.1,14.6,11.0,7.3,14.7,,,,,,,,,,,,,
HART ISD,954,246,7.3,10.0,8.4,6.5,5.9,4.7,6.0,8.1,8.4,,8.4,7.7,,,,,,,,,,,
HARTLEY ISD,970,223,12.3,14.8,14.2,11.1,9.9,7.0,7.5,7.6,,5.1,4.9,4.5,,,,,,,,,,,
HARTS BLUFF ISD,729,544,11.3,11.4,11.2,8.5,8.2,7.7,4.0,4.2,3.6,5.1,4.0,4.8,,,,,,,,,,,
HASKELL CISD,695,615,17.3,18.3,16.4,15.8,14.1,14.4,13.6,13.6,11.9,11.2,10.7,9.1,,,,,,,,,,,
HAWKINS ISD,640,735,14.4,16.4,17.6,15.3,15.2,13.0,12.5,12.3,10.3,10.4,10.0,9.9,,,,,,,,,,,
HAWLEY ISD,625,758,18.0,19.0,16.7,15.8,13.3,12.4,11.1,9.5,9.0,9.4,9.1,7.7,,,,,,,,,,,
HAYS CONS ISD,69,17933,13.0,12.7,12.5,11.1,10.0,8.9,8.6,9.0,9.0,9.4,9.4,9.6,,,,,,,,,,,
HEARNE ISD,559,932,13.9,15.3,15.1,14.8,14.4,14.3,13.8,14.3,14.6,13.9,14.1,12.3,,,,,,,,,,,
HEDLEY ISD,1106,112,16.5,21.8,16.7,11.7,13.2,13.9,14.6,,10.1,6.9,14.3,,,,,,,,,,,,
HEIGHTS CHARTER SCHOOL,983,211,12.9,15.3,13.7,10.5,9.0,10.7,15.4,17.0,19.9,16.0,,6.2,,,,,,,,,,,
HEMPHILL ISD,579,881,14.6,16.0,16.1,14.1,12.2,12.2,10.5,9.6,9.9,10.3,9.3,10.9,,,,,,,,,,,
HEMPSTEAD ISD,418,1490,15.6,17.7,17.3,15.2,13.3,13.4,12.3,11.7,11.3,9.8,8.6,7.4,,,,,,,,,,,
HENDERSON ISD,241,3460,16.5,16.1,13.3,11.6,11.0,10.2,9.1,8.9,8.4,8.0,7.8,7.9,,,,,,,,,,,
HENRIETTA ISD,545,982,16.7,15.8,15.0,15.4,14.1,13.0,10.7,10.3,11.2,9.8,10.9,11.8,,,,,,,,,,,
HEREFORD ISD,204,4219,12.9,13.0,13.1,13.5,12.0,10.9,9.1,8.6,7.9,7.3,6.8,6.6,,,,,,,,,,,
HERMLEIGH ISD,963,236,17.8,16.6,15.2,14.6,12.4,13.7,14.5,13.5,,,,8.1,,,,,,,,,,,
HICO ISD,724,573,13.1,12.1,11.8,12.2,9.6,9.6,10.1,9.9,9.9,9.6,8.5,9.1,,,,,,,,,,,
HIDALGO ISD,256,3261,6.3,5.5,5.2,5.2,5.1,5.2,4.4,4.8,4.6,4.6,5.1,6.1,,,,,,,,,,,
HIGGINS ISD,1058,152,14.4,16.7,13.1,15.8,14.9,15.5,18.1,,,,,,,,,,,,,,,,
HIGGS/CARTER/KING GIFTED & TALENTE,790,469,12.2,16.9,8.4,8.9,5.4,6.1,7.2,4.3,3.8,4.2,5.8,3.6,,,,,,,,,,,
HIGH ISLAND ISD,1062,146,20.6,19.6,17.4,15.7,10.9,7.1,8.1,8.4,,,8.1,6.8,,,,,,,,,,,
HIGHLAND ISD,975,215,16.6,16.2,15.7,13.5,11.1,11.3,10.6,,,8.5,7.7,7.9,,,,,,,,,,,
HIGHLAND PARK ISD,141,7083,9.1,8.7,9.0,8.8,8.1,8.2,7.8,7.7,8.0,7.7,7.3,7.6,,,,,,,,,,,
HIGHLAND PARK ISD,574,888,14.6,14.6,13.1,10.9,10.9,9.5,10.0,9.0,9.3,9.2,9.8,10.6,,,,,,,,,,,
HILLSBORO ISD,344,2016,16.0,16.6,15.1,12.4,11.2,10.8,10.8,11.7,11.7,11.4,11.1,11.0,,,,,,,,,,,
HITCHCOCK ISD,394,1636,13.0,14.5,14.3,14.5,14.0,12.2,11.3,9.4,8.2,8.1,8.5,9.1,,,,,,,,,,,
HOLLAND ISD,678,653,7.4,9.4,7.6,10.1,9.7,9.5,7.4,8.0,7.3,7.7,8.5,8.4,,,,,,,,,,,
HOLLIDAY ISD,570,902,8.0,7.4,6.8,7.2,6.7,8.6,9.0,8.9,9.0,8.9,10.0,9.1,,,,,,,,,,,
HONDO ISD,330,2138,11.6,10.8,9.4,8.8,7.6,7.6,6.8,7.2,7.3,7.0,7.8,8.2,,,,,,,,,,,
HONEY GROVE ISD,698,610,15.1,13.3,16.1,14.8,13.9,13.3,12.4,11.5,10.8,9.5,10.3,11.8,,,,,,,,,,,
HOOKS ISD,591,857,17.9,19.5,18.4,18.0,16.0,14.6,12.9,11.8,11.0,11.1,10.4,11.2,,,,,,,,,,,
HOUSTON GATEWAY ACADEMY,356,1886,9.5,11.2,10.8,9.9,12.7,6.3,5.3,4.6,4.1,3.4,3.1,3.0,,,,,,,,,,,
HOUSTON HEIGHTS LEARNING ACADEMY I,1042,166,2.1,5.9,7.8,5.9,4.1,3.1,1.6,2.6,4.6,1.6,4.0,5.4,,,,,,,,,,,
HOUSTON ISD,1,214840,9.9,10.1,9.6,9.8,9.0,8.3,8.1,8.0,7.8,7.7,7.6,7.4,,,,,,,,,,,
HOWE ISD,531,1024,15.7,14.4,16.9,15.8,14.5,10.6,10.6,10.5,10.5,8.8,9.2,8.4,,,,,,,,,,,
HUBBARD ISD,847,378,12.8,12.7,11.7,11.4,11.9,11.4,11.0,12.3,9.9,9.1,8.4,9.0,,,,,,,,,,,
HUBBARD ISD,1121,88,15.1,15.9,14.4,12.8,13.1,12.0,8.9,5.9,9.3,9.1,13.5,11.4,,,,,,,,,,,
HUCKABAY ISD,1008,189,15.0,13.3,13.6,11.5,10.9,10.4,8.9,5.9,5.1,4.4,3.6,4.2,,,,,,,,,,,
HUDSON ISD,277,2815,10.5,10.8,11.5,10.9,10.2,8.7,7.1,7.4,7.9,7.1,6.2,7.1,,,,,,,,,,,
HUFFMAN ISD,246,3386,11.4,10.7,10.7,9.7,8.9,8.3,8.2,8.3,7.7,7.8,7.7,7.6,,,,,,,,,,,
HUGHES SPRINGS ISD,467,1231,16.3,14.6,11.8,10.8,10.4,9.6,9.3,7.4,6.7,7.2,7.1,7.6,,,,,,,,,,,
HULL-DAISETTA ISD,770,491,17.0,18.8,16.2,13.8,11.2,12.3,11.4,11.6,9.4,9.0,8.0,7.9,,,,,,,,,,,
HUMBLE ISD,30,39466,9.9,9.7,9.6,9.4,9.2,8.8,8.6,8.4,8.6,8.2,8.0,7.7,,,,,,,,,,,
HUNT ISD,1029,173,4.2,5.1,6.5,4.8,3.9,5.6,7.5,,5.7,6.7,6.5,5.8,,,,,,,,,,,
HUNTINGTON ISD,378,1754,18.0,16.1,14.5,13.1,11.9,10.4,10.1,10.4,10.6,10.1,9.9,9.6,,,,,,,,,,,
HUNTSVILLE ISD,149,6681,11.6,11.4,10.9,11.3,10.8,10.6,9.3,8.7,8.3,8.5,8.6,8.6,,,,,,,,,,,
HURST-EULESS-BEDFORD ISD,58,22414,10.4,10.3,10.0,9.9,9.8,9.3,9.2,9.0,9.1,8.8,8.7,8.9,,,,,,,,,,,
HUTTO ISD,156,6182,10.2,10.2,9.9,9.1,8.3,8.3,8.0,7.7,7.8,8.0,8.4,9.2,,,,,,,,,,,
I D E A  ACADEMY,65,19226,5.2,6.7,6.1,5.2,4.1,3.8,3.9,4.1,4.5,4.3,4.4,4.7,,,,,,,,,,,
IDALOU ISD,549,974,14.8,16.9,16.0,13.6,9.6,9.7,8.8,8.2,8.2,7.7,8.3,8.5,,,,,,,,,,,
INDUSTRIAL ISD,470,1220,10.0,10.1,10.5,8.9,8.7,9.2,9.8,9.6,9.2,9.0,8.1,7.9,,,,,,,,,,,
INGLESIDE ISD,314,2292,12.8,13.2,14.1,12.1,10.1,9.2,8.4,7.7,8.0,8.0,7.5,7.4,,,,,,,,,,,
INGRAM ISD,525,1042,8.9,8.6,8.5,8.5,8.5,8.6,7.2,7.0,7.7,8.3,7.8,9.0,,,,,,,,,,,
INSPIRED VISION ACADEMY,512,1083,4.5,4.7,4.3,4.2,3.3,3.4,5.3,5.4,6.7,6.0,8.4,10.2,,,,,,,,,,,
IOLA ISD,799,451,10.6,13.2,12.5,10.9,10.4,9.7,9.3,6.9,6.0,6.2,6.7,7.3,,,,,,,,,,,
IOWA PARK CONS ISD,383,1712,9.4,9.7,8.9,9.4,10.4,9.7,9.1,9.2,9.4,9.2,9.8,10.8,,,,,,,,,,,
IRA ISD,937,261,6.5,6.9,6.0,7.6,7.7,9.1,6.6,6.3,5.5,5.1,5.1,5.0,,,,,,,,,,,
IRAAN-SHEFFIELD ISD,741,526,12.9,14.1,13.6,13.0,12.3,8.9,9.1,9.2,7.6,7.1,5.9,7.0,,,,,,,,,,,
IREDELL ISD,1075,134,18.2,15.8,19.6,16.5,18.9,14.9,11.4,10.1,7.5,6.9,9.6,10.4,,,,,,,,,,,
IRION CO ISD,878,334,12.6,8.4,10.2,7.5,7.8,5.2,4.6,5.5,6.1,4.3,5.7,6.3,,,,,,,,,,,
IRVING ISD,35,35096,9.5,9.6,9.0,8.4,7.8,7.9,8.4,8.5,8.2,7.6,7.4,7.2,,,,,,,,,,,
ITALY ISD,722,577,17.8,17.3,15.5,11.6,10.0,10.6,10.5,7.2,9.2,11.5,9.9,10.1,,,,,,,,,,,
ITASCA ISD,672,662,15.8,15.1,16.0,16.6,15.6,13.2,12.4,10.9,10.3,8.6,7.6,8.0,,,,,,,,,,,
JACKSBORO ISD,542,988,16.0,15.2,13.7,11.8,10.5,10.0,9.8,10.7,9.7,10.0,9.7,8.7,,,,,,,,,,,
JACKSONVILLE ISD,183,4975,13.0,12.1,11.8,11.1,10.3,9.6,10.1,9.6,9.3,9.0,8.8,8.5,,,,,,,,,,,
JARRELL ISD,460,1265,15.6,14.9,13.5,11.8,9.6,8.9,7.6,7.4,8.7,8.8,9.2,8.6,,,,,,,,,,,
JASPER ISD,291,2530,13.6,12.9,12.8,13.0,13.1,12.8,12.7,11.1,11.1,11.3,10.6,10.9,,,,,,,,,,,
JAYTON-GIRARD ISD,1082,128,12.6,10.2,11.6,13.4,10.3,11.9,13.3,,,,,,,,,,,,,,,,
JEAN MASSIEU ACADEMY,1002,193,71.1,70.4,51.8,49.1,51.6,42.9,29.8,,,,,,,,,,,,,,,,
JEFFERSON ISD,480,1158,18.3,18.9,17.3,15.4,13.1,14.0,11.4,12.0,10.3,9.1,9.5,8.7,,,,,,,,,,,
JIM HOGG COUNTY ISD,492,1128,14.9,13.9,12.7,10.2,9.2,7.2,7.4,7.3,6.6,7.5,7.5,7.4,,,,,,,,,,,
JIM NED CONS ISD,489,1138,13.0,13.3,13.5,12.9,11.2,10.0,9.4,9.4,9.7,8.3,7.2,8.7,,,,,,,,,,,
JOAQUIN ISD,646,720,14.9,13.6,13.9,14.6,13.8,14.6,15.5,12.9,13.2,12.3,10.4,10.8,,,,,,,,,,,
JOHN H WOOD CHARTER SCHOOL,944,255,28.2,38.0,22.4,15.4,-2.0,-1.0,-1.0,-2.0,-2.0,1.4,-1.0,7.8,,,,,,,,,,,
JOHNSON CITY ISD,662,683,14.6,15.1,13.4,14.1,11.8,10.8,12.6,11.3,11.3,11.0,9.4,11.4,,,,,,,,,,,
JONESBORO ISD,1007,189,12.0,9.4,16.3,9.8,10.7,10.8,9.8,8.1,7.4,7.9,8.0,,,,,,,,,,,,
JOSHUA ISD,182,5019,12.3,12.8,11.0,10.1,9.7,8.6,7.7,7.3,7.3,7.7,7.0,7.4,,,,,,,,,,,
JOURDANTON ISD,396,1623,12.7,11.8,10.1,10.1,9.6,8.9,8.9,7.8,7.4,7.7,8.3,8.2,,,,,,,,,,,
JUBILEE ACADEMIC CENTER,202,4251,9.2,10.6,11.0,9.5,9.0,5.9,7.4,6.9,6.3,7.5,7.1,6.2,,,,,,,,,,,
JUDSON ISD,55,23290,10.1,10.5,10.7,10.6,10.1,9.6,9.4,9.4,9.3,9.2,9.6,9.8,,,,,,,,,,,
JUNCTION ISD,674,658,15.7,14.2,14.2,12.5,12.3,11.2,11.3,10.5,9.4,8.1,9.9,9.7,,,,,,,,,,,
KARNACK ISD,1025,174,15.5,15.0,15.3,14.7,15.2,14.4,13.7,,,,8.1,,,,,,,,,,,,
KARNES CITY ISD,516,1063,13.8,13.2,13.1,12.8,11.3,10.5,9.1,7.7,8.1,8.7,8.7,8.4,,,,,,,,,,,
KATHERINE ANNE PORTER SCHOOL,1063,146,16.7,22.6,18.2,16.9,13.7,8.1,10.8,9.1,8.2,10.2,,,,,,,,,,,,,
KATY ISD,8,70234,9.9,9.3,8.9,8.8,8.4,8.0,7.7,7.8,8.1,8.2,8.5,8.6,,,,,,,,,,,
KAUFMAN ISD,226,3762,12.6,13.5,13.0,11.3,10.7,10.7,10.3,9.2,8.8,9.1,9.4,9.2,,,,,,,,,,,
KEENE ISD,558,940,20.7,19.9,17.1,16.9,15.6,13.0,12.4,11.9,11.3,8.6,7.9,7.2,,,,,,,,,,,
KELLER ISD,38,33609,7.8,8.0,8.0,7.7,7.3,7.1,7.5,7.9,8.1,8.3,8.3,8.6,,,,,,,,,,,
KELTON ISD,1093,120,5.0,10.5,8.8,9.7,7.4,4.6,3.8,5.3,5.7,7.1,7.6,8.3,,,,,,,,,,,
KEMP ISD,427,1450,14.5,14.6,16.3,17.0,15.0,13.4,11.8,11.3,10.3,10.5,10.7,10.3,,,,,,,,,,,
KENEDY COUNTY WIDE CSD,1125,78,12.7,14.5,11.7,10.8,7.0,5.7,8.4,7.5,8.2,3.6,3.7,6.4,,,,,,,,,,,
KENEDY ISD,616,778,15.3,16.8,15.4,12.9,13.2,12.4,11.7,10.6,10.0,10.0,10.7,11.3,,,,,,,,,,,
KENNARD ISD,906,292,16.2,13.7,14.1,14.7,13.6,12.6,13.0,11.9,,7.9,8.4,7.5,,,,,,,,,,,
KENNEDALE ISD,263,3122,9.6,9.8,9.5,9.7,8.8,9.3,8.6,9.1,9.3,8.6,8.0,7.9,,,,,,,,,,,
KERENS ISD,690,628,16.5,16.6,15.5,14.3,12.1,10.5,9.9,8.7,8.2,9.1,9.3,9.4,,,,,,,,,,,
KERMIT ISD,424,1455,17.0,14.8,12.7,10.8,9.9,8.6,9.2,9.9,9.0,8.8,8.3,9.0,,,,,,,,,,,
KERRVILLE ISD,181,5023,13.2,12.2,11.3,10.0,9.8,9.4,9.9,9.4,7.4,6.4,6.5,7.3,,,,,,,,,,,
KILGORE ISD,212,4049,13.3,12.5,11.6,10.4,10.5,10.0,9.3,9.4,9.5,7.6,7.1,7.1,,,,,,,,,,,
KILLEEN ISD,26,42577,13.1,13.1,12.9,13.0,12.3,11.5,10.6,10.6,10.6,10.7,11.3,11.2,,,,,,,,,,,
KINGSVILLE ISD,243,3436,14.9,15.2,13.7,12.2,11.2,9.7,9.1,8.7,8.8,10.0,10.3,10.9,,,,,,,,,,,
KIPP INC CHARTER,99,11240,8.0,4.3,5.3,4.2,4.1,4.0,3.8,3.2,3.4,3.6,4.3,4.8,,,,,,,,,,,
KIRBYVILLE CISD,419,1480,15.7,14.1,12.5,13.3,13.3,13.9,11.1,10.3,8.9,7.8,8.6,8.0,,,,,,,,,,,
KLEIN ISD,20,49245,10.2,9.6,9.0,8.4,7.4,7.2,7.1,7.5,7.5,8.0,8.1,8.0,,,,,,,,,,,
KLONDIKE ISD,940,257,10.8,12.6,11.7,10.6,12.1,8.8,7.2,4.6,5.6,3.7,4.4,3.1,,,,,,,,,,,
KNIPPA ISD,832,404,6.1,5.2,6.0,6.9,5.7,6.9,5.9,6.3,2.7,3.1,1.9,2.2,,,,,,,,,,,
KNOX CITY-O'BRIEN CISD,890,311,18.5,18.3,19.5,14.4,12.9,12.6,14.8,16.4,13.5,14.8,14.3,13.8,,,,,,,,,,,
KOPPERL ISD,964,232,16.7,11.8,13.5,13.6,12.9,10.5,11.2,12.7,,,,13.4,,,,,,,,,,,
KOUNTZE ISD,469,1225,13.5,13.7,12.9,13.1,12.4,11.1,10.9,10.0,9.4,8.3,8.4,9.2,,,,,,,,,,,
KRESS ISD,969,225,10.2,10.5,8.9,10.3,11.0,11.8,11.7,,13.4,,,,,,,,,,,,,,
KRUM ISD,339,2064,17.5,16.9,13.3,12.1,11.4,11.1,11.2,10.8,9.5,9.5,9.8,10.1,,,,,,,,,,,
LA AMISTAD LOVE & LEARNING ACADEMY,942,257,,1.6,2.1,0.5,-2.0,-2.0,2.0,1.6,3.0,11.9,61.3,12.5,,,,,,,,,,,
LA FERIA ISD,233,3602,9.3,9.7,9.4,8.2,7.3,6.6,6.2,6.4,6.2,6.9,7.1,7.7,,,,,,,,,,,
LA GLORIA ISD,1094,118,9.6,10.4,9.3,6.4,2.9,1.9,2.6,2.7,4.8,4.7,5.0,5.9,,,,,,,,,,,
LA GRANGE ISD,357,1885,11.9,12.4,12.6,13.2,11.2,10.5,10.1,9.3,9.3,9.3,8.0,7.9,,,,,,,,,,,
LA JOYA ISD,43,29659,10.5,10.5,9.3,8.2,7.4,6.9,6.6,6.4,6.5,6.6,6.7,6.7,,,,,,,,,,,
LA MARQUE ISD,313,2306,12.3,13.0,12.3,12.6,11.6,10.1,9.3,10.2,10.9,10.4,10.4,11.0,,,,,,,,,,,
LA PORTE ISD,136,7640,10.2,9.6,10.0,9.6,10.2,9.9,9.8,9.8,9.7,9.7,10.1,10.2,,,,,,,,,,,
LA PRYOR ISD,777,486,9.4,11.5,12.2,12.9,11.4,13.1,12.3,11.9,10.4,10.1,10.7,10.9,,,,,,,,,,,
LA VEGA ISD,269,2965,14.4,13.3,12.7,10.3,9.5,10.2,9.5,8.4,7.5,8.1,7.4,6.6,,,,,,,,,,,
LA VERNIA ISD,261,3191,13.5,13.1,12.5,11.8,12.5,12.1,11.6,11.3,11.6,11.3,10.3,9.2,,,,,,,,,,,
LA VILLA ISD,701,604,9.3,9.4,8.4,7.6,7.9,8.0,6.8,6.9,7.2,8.1,6.1,6.5,,,,,,,,,,,
LACKLAND ISD,577,884,13.3,11.4,11.7,12.7,10.2,9.9,9.7,10.0,10.0,10.1,11.2,10.9,,,,,,,,,,,
LAGO VISTA ISD,445,1366,12.3,11.0,10.9,10.2,10.2,9.1,8.5,8.5,9.6,9.6,10.5,10.6,,,,,,,,,,,
LAKE DALLAS ISD,215,4011,13.3,12.8,12.1,11.5,11.1,10.8,11.2,10.7,10.9,11.0,11.1,11.2,,,,,,,,,,,
LAKE TRAVIS ISD,118,8833,10.5,9.9,9.6,8.8,8.6,7.9,7.5,7.1,7.4,7.0,7.2,7.3,,,,,,,,,,,
LAKE WORTH ISD,260,3198,9.0,8.8,9.2,8.7,8.9,8.7,8.8,9.6,9.9,9.8,9.4,8.9,,,,,,,,,,,
LAMAR CONSOLIDATED ISD,46,28171,11.8,11.9,11.3,11.0,10.7,10.1,9.7,9.2,8.8,8.1,8.2,8.1,,,,,,,,,,,
LAMESA ISD,342,2040,11.9,12.5,12.0,12.4,11.9,12.5,10.1,9.4,8.7,7.7,7.5,8.3,,,,,,,,,,,
LAMPASAS ISD,248,3370,14.7,14.1,14.8,14.3,12.5,10.9,10.8,10.2,9.4,9.1,9.8,10.5,,,,,,,,,,,
LANCASTER ISD,143,7044,10.9,10.3,9.7,6.3,9.1,8.8,8.8,9.4,10.1,9.0,8.6,8.0,,,,,,,,,,,
LANEVILLE ISD,1033,172,24.1,23.6,21.5,17.0,20.4,18.2,15.9,,,,,,,,,,,,,,,,
LAPOYNOR ISD,754,509,11.5,13.1,11.9,12.0,11.1,10.4,9.2,10.7,9.9,9.3,8.8,8.4,,,,,,,,,,,
LAREDO ISD,50,24669,13.6,12.5,11.7,11.0,9.8,8.7,7.9,7.5,7.2,7.6,7.7,7.8,,,,,,,,,,,
LASARA ISD,786,475,6.8,7.4,6.3,3.7,3.1,3.1,5.5,5.8,6.8,5.0,4.7,5.3,,,,,,,,,,,
LATEXO ISD,739,527,13.6,14.5,15.5,12.8,12.0,13.0,11.6,10.0,10.9,9.9,9.6,8.9,,,,,,,,,,,
LAZBUDDIE ISD,1001,194,17.2,12.4,9.0,12.7,11.5,11.6,10.5,7.6,6.2,8.7,7.7,,,,,,,,,,,,
LEAKEY ISD,962,237,18.4,17.8,18.0,18.3,18.4,13.3,9.3,,,,,,,,,,,,,,,,
LEANDER ISD,34,36198,11.8,11.5,11.1,10.7,9.9,9.4,9.2,9.4,9.4,9.4,9.4,9.9,,,,,,,,,,,
LEARY ISD,1105,113,10.9,8.6,11.4,11.5,12.3,10.3,13.0,,9.0,3.7,5.5,6.2,,,,,,,,,,,
LEFORS ISD,1043,164,9.9,10.5,10.8,13.9,7.9,7.7,7.5,4.5,4.9,5.2,8.0,6.1,,,,,,,,,,,
LEGGETT ISD,1038,168,18.0,16.9,16.5,16.3,14.7,15.1,18.2,17.5,,,,,,,,,,,,,,,
LEON ISD,637,741,13.2,14.1,14.2,12.7,11.1,11.6,10.8,9.9,8.6,8.4,7.4,8.2,,,,,,,,,,,
LEONARD ISD,582,877,14.6,16.4,17.4,15.6,15.4,14.0,12.8,12.4,12.4,10.4,9.6,9.0,,,,,,,,,,,
LEVELLAND ISD,264,3081,15.3,14.9,14.2,14.1,13.5,12.2,12.2,11.9,11.8,11.9,12.3,12.4,,,,,,,,,,,
LEVERETTS CHAPEL ISD,919,277,15.7,13.9,14.4,14.3,12.2,9.9,10.0,5.8,4.6,4.3,5.5,4.0,,,,,,,,,,,
LEWISVILLE ISD,18,53351,11.3,11.3,11.2,10.9,10.5,10.0,9.9,9.9,9.8,9.8,9.8,10.0,,,,,,,,,,,
LEXINGTON ISD,555,963,10.3,10.6,7.8,9.1,7.9,7.9,6.9,7.3,7.9,9.2,11.1,9.1,,,,,,,,,,,
LIBERTY HILL ISD,259,3202,10.1,11.0,10.9,10.4,9.4,8.7,8.8,8.0,8.6,8.0,7.4,7.7,,,,,,,,,,,
LIBERTY ISD,334,2107,12.3,11.2,9.6,8.0,7.4,7.3,7.0,6.2,7.0,7.3,7.3,7.8,,,,,,,,,,,
LIBERTY-EYLAU ISD,289,2560,16.2,15.6,15.2,14.2,14.7,13.8,13.7,12.4,11.8,11.6,11.4,12.6,,,,,,,,,,,
LIFE SCHOOL,180,5026,5.2,7.9,10.3,12.3,9.7,8.6,7.6,6.7,6.6,6.8,6.9,6.4,,,,,,,,,,,
LIGHTHOUSE CHARTER SCHOOL,936,262,6.0,10.8,10.5,7.6,11.8,9.6,9.7,7.2,,,8.1,8.4,,,,,,,,,,,
LINDALE ISD,221,3859,12.7,12.2,11.3,11.2,11.3,10.9,10.2,9.9,9.5,9.8,9.4,9.1,,,,,,,,,,,
LINDEN-KILDARE CONS ISD,635,743,19.1,18.6,18.6,16.3,15.1,13.4,13.0,11.8,11.9,10.2,10.5,10.5,,,,,,,,,,,
LINDSAY ISD,752,509,9.6,10.6,10.7,7.8,6.5,4.8,4.3,4.0,3.4,3.8,2.9,4.3,,,,,,,,,,,
LINGLEVILLE ISD,968,225,14.3,10.6,9.3,9.3,6.9,6.6,3.6,5.1,4.6,6.3,5.9,4.4,,,,,,,,,,,
LIPAN ISD,876,335,13.0,15.3,16.5,13.1,9.9,8.3,5.6,6.5,5.6,6.7,7.1,8.1,,,,,,,,,,,
LITTLE CYPRESS-MAURICEVILLE CISD,253,3332,15.4,15.5,15.0,13.9,13.8,13.1,12.1,12.2,11.8,12.0,12.3,12.4,,,,,,,,,,,
LITTLE ELM ISD,145,6950,12.5,12.8,12.0,10.8,10.1,9.9,9.6,9.8,10.1,8.8,8.3,7.9,,,,,,,,,,,
LITTLEFIELD ISD,425,1454,12.5,12.6,13.0,12.4,12.0,12.0,11.2,10.8,9.9,10.2,10.8,10.7,,,,,,,,,,,
LIVINGSTON ISD,210,4058,17.5,16.9,16.0,14.9,14.3,13.3,12.6,11.9,11.3,10.7,10.2,10.2,,,,,,,,,,,
LLANO ISD,368,1797,17.4,17.9,16.1,14.6,12.9,10.7,9.9,10.2,10.5,10.3,10.0,10.8,,,,,,,,,,,
LOCKHART ISD,171,5360,14.1,14.5,13.5,12.4,12.0,11.0,11.2,11.7,11.8,11.5,12.0,12.5,,,,,,,,,,,
LOCKNEY ISD,765,499,12.2,14.3,14.5,14.1,14.2,11.8,10.7,11.9,10.1,8.8,8.9,8.8,,,,,,,,,,,
LOHN ISD,1083,127,21.8,21.7,22.6,21.7,25.8,20.7,21.4,,,15.7,,,,,,,,,,,,,
LOMETA ISD,930,267,18.9,17.9,18.5,14.4,12.5,12.3,11.6,11.0,10.6,10.1,8.4,,,,,,,,,,,,
LONDON ISD,619,775,13.2,11.0,7.4,9.1,7.2,7.5,8.5,6.8,7.4,8.0,6.0,6.3,,,,,,,,,,,
LONE OAK ISD,550,969,17.7,17.6,16.4,14.6,11.9,11.9,11.5,10.1,11.1,10.7,10.3,11.2,,,,,,,,,,,
LONGVIEW ISD,120,8733,14.5,14.5,13.0,12.2,11.2,10.8,10.0,8.8,8.4,8.2,7.8,7.8,,,,,,,,,,,
LOOP ISD,1085,126,13.4,11.5,11.4,11.8,10.1,7.9,8.0,8.1,7.3,6.3,5.9,4.8,,,,,,,,,,,
LORAINE ISD,1037,168,18.8,17.4,15.2,14.1,13.2,10.8,8.3,,,7.5,7.1,7.1,,,,,,,,,,,
LORENA ISD,388,1671,17.1,17.1,18.0,16.4,14.8,12.4,10.6,9.3,8.8,8.1,7.6,8.1,,,,,,,,,,,
LORENZO ISD,912,284,22.3,26.9,24.4,23.2,18.1,16.4,15.5,14.5,15.5,18.4,20.7,17.6,,,,,,,,,,,
LOS FRESNOS CONS ISD,104,10636,11.8,10.9,9.6,8.6,7.6,6.3,5.9,6.1,6.2,6.5,6.9,7.6,,,,,,,,,,,
LOUISE ISD,787,474,13.8,18.1,19.0,16.4,14.5,11.3,9.4,8.2,8.3,6.2,4.5,3.8,,,,,,,,,,,
LOVEJOY ISD,224,3828,8.8,6.9,7.1,6.3,6.0,6.2,6.8,7.2,7.2,6.8,7.3,7.5,,,,,,,,,,,
LOVELADY ISD,749,513,11.2,11.0,10.2,10.6,8.8,8.2,7.0,8.8,9.9,10.3,12.4,10.5,,,,,,,,,,,
LUBBOCK ISD,44,29098,14.6,13.3,12.9,12.5,12.3,11.8,11.5,11.7,11.1,10.8,10.8,10.7,,,,,,,,,,,
LUBBOCK-COOPER ISD,172,5314,17.3,18.3,18.5,16.3,13.6,11.9,10.8,9.7,9.3,8.7,7.7,7.1,,,,,,,,,,,
LUEDERS-AVOCA ISD,1100,116,23.2,23.5,20.0,16.5,13.0,11.7,8.8,10.3,13.0,12.3,11.2,10.3,,,,,,,,,,,
LUFKIN ISD,124,8306,14.0,14.2,14.1,13.4,13.3,12.7,12.0,11.5,11.0,10.2,10.2,10.1,,,,,,,,,,,
LULING ISD,439,1384,10.7,10.3,10.9,10.4,8.7,8.6,7.9,8.7,9.4,10.0,9.7,10.0,,,,,,,,,,,
LUMBERTON ISD,219,3887,12.2,12.4,10.8,11.2,10.5,9.4,9.5,9.2,8.8,8.5,8.3,8.0,,,,,,,,,,,
LYFORD CISD,408,1553,10.4,11.5,10.9,10.6,8.3,7.7,8.1,7.9,7.5,7.6,7.6,7.7,,,,,,,,,,,
LYTLE ISD,381,1723,12.3,10.0,9.0,7.7,7.4,7.8,7.5,6.8,6.7,5.8,6.6,6.7,,,,,,,,,,,
MABANK ISD,240,3460,16.0,15.4,15.0,12.9,10.8,9.5,9.0,8.3,7.8,8.0,9.1,9.8,,,,,,,,,,,
MADISONVILLE CONS ISD,310,2331,12.3,11.5,11.3,10.5,10.2,9.1,8.2,7.5,6.8,7.5,7.0,6.7,,,,,,,,,,,
MAGNOLIA ISD,93,12456,11.9,12.4,12.7,12.9,13.1,12.8,11.6,10.8,10.0,9.7,9.0,8.6,,,,,,,,,,,
MALAKOFF ISD,475,1214,16.5,15.7,14.9,13.7,13.4,13.0,11.7,13.3,12.7,12.7,11.3,11.2,,,,,,,,,,,
MALONE ISD,1118,96,17.5,16.4,15.9,14.5,11.3,10.0,8.8,10.1,10.8,13.4,11.7,13.5,,,,,,,,,,,
MALTA ISD,1081,128,19.2,21.0,26.7,18.3,18.6,17.9,10.5,9.8,9.5,7.5,10.9,9.4,,,,,,,,,,,
MANOR ISD,117,8847,14.2,12.4,12.2,11.7,10.8,9.6,8.7,7.8,8.0,8.1,7.4,7.4,,,,,,,,,,,
MANSFIELD ISD,40,33395,11.0,10.5,9.8,9.2,9.0,8.5,8.2,7.9,7.8,8.6,8.3,8.4,,,,,,,,,,,
MARATHON ISD,1130,42,22.4,19.4,18.5,15.3,14.0,12.5,9.8,11.8,11.7,12.0,4.9,14.3,,,,,,,,,,,
MARBLE FALLS ISD,209,4064,11.1,11.0,12.5,12.5,12.5,12.3,11.8,11.6,11.0,10.7,11.0,10.6,,,,,,,,,,,
MARFA ISD,868,351,12.5,11.2,10.7,12.3,13.2,11.2,10.2,11.4,12.2,12.7,11.2,10.8,,,,,,,,,,,
MARION ISD,432,1421,13.5,11.2,10.8,9.9,8.6,7.8,7.8,7.9,7.6,6.8,7.4,7.1,,,,,,,,,,,
MARLIN ISD,557,942,13.7,15.5,15.9,17.4,17.7,15.9,16.3,17.2,19.1,16.5,13.7,12.2,,,,,,,,,,,
MARSHALL ISD,167,5516,14.7,14.2,13.1,12.7,12.2,10.9,9.8,8.4,7.0,7.1,6.2,6.1,,,,,,,,,,,
MART ISD,771,489,16.4,18.4,15.1,15.2,13.2,13.7,13.2,12.3,12.3,12.1,11.1,12.1,,,,,,,,,,,
MARTINS MILL ISD,750,512,17.8,16.7,17.0,14.0,13.7,13.4,11.4,9.1,10.8,11.5,10.6,9.6,,,,,,,,,,,
MARTINSVILLE ISD,858,365,13.2,10.5,11.9,13.2,9.2,7.7,11.2,12.5,11.2,12.6,13.9,13.2,,,,,,,,,,,
MASON ISD,677,654,16.6,15.1,12.1,11.8,11.4,10.7,10.0,9.7,9.5,9.6,9.1,8.1,,,,,,,,,,,
MATAGORDA ISD,1010,188,12.1,14.5,23.2,17.2,16.7,13.0,11.1,10.5,8.3,7.0,6.4,7.4,,,,,,,,,,,
MATHIS ISD,384,1708,10.7,10.5,11.2,11.0,10.5,10.3,9.2,8.9,9.6,9.5,9.8,9.7,,,,,,,,,,,
MAUD ISD,780,484,16.3,19.0,18.5,15.8,14.5,14.4,13.6,12.2,12.4,12.5,11.6,11.4,,,,,,,,,,,
MAY ISD,904,295,17.9,16.7,14.7,13.7,12.4,12.2,10.8,12.5,12.7,,,8.1,,,,,,,,,,,
MAYPEARL ISD,519,1053,21.5,19.9,18.9,17.5,15.8,15.5,14.7,14.9,14.9,12.9,11.1,8.8,,,,,,,,,,,
MCALLEN ISD,51,24525,7.8,7.5,7.0,6.9,7.0,6.6,6.6,6.5,7.0,7.3,7.3,7.7,,,,,,,,,,,
MCCAMEY ISD,728,548,19.0,20.5,18.9,15.8,12.4,10.1,7.7,6.2,7.6,6.9,7.1,7.5,,,,,,,,,,,
MCDADE ISD,990,206,11.3,10.9,9.9,12.7,11.1,11.2,10.9,,,,7.5,,,,,,,,,,,,
MCGREGOR ISD,442,1373,15.7,15.4,14.4,13.6,11.4,9.8,9.8,8.9,8.6,8.3,7.6,7.2,,,,,,,,,,,
MCKINNEY ISD,49,24743,11.1,11.1,10.8,9.7,9.3,9.0,8.8,8.9,9.0,9.4,9.5,9.9,,,,,,,,,,,
MCLEAN ISD,989,207,11.1,11.5,10.6,11.5,9.0,5.8,6.4,6.0,6.1,,7.5,7.7,,,,,,,,,,,
MCLEOD ISD,845,380,19.0,20.5,21.4,18.6,13.8,13.2,11.5,10.6,9.9,9.7,9.2,9.5,,,,,,,,,,,
MCMULLEN COUNTY ISD,935,264,10.6,10.0,5.8,6.3,6.2,6.1,7.1,6.7,7.7,5.6,6.9,6.1,,,,,,,,,,,
MEADOW ISD,872,348,7.6,6.9,6.6,6.6,7.0,5.3,5.0,7.0,7.3,7.7,6.5,7.5,,,,,,,,,,,
MEDICAL CENTER CHARTER SCHOOL,879,326,13.3,5.9,4.4,4.6,4.6,4.2,2.7,2.3,3.4,2.9,2.3,2.5,,,,,,,,,,,
MEDINA ISD,932,266,21.3,25.4,24.3,22.3,18.1,12.7,15.7,13.2,14.9,13.4,,11.3,,,,,,,,,,,
MEDINA VALLEY ISD,205,4217,12.5,11.7,10.0,9.7,9.0,9.2,9.5,9.8,10.2,10.5,10.1,10.0,,,,,,,,,,,
MELISSA ISD,333,2116,12.4,14.2,11.5,10.4,10.2,9.6,9.9,10.8,9.5,9.0,9.1,9.4,,,,,,,,,,,
MEMPHIS ISD,733,538,19.3,17.3,15.6,14.6,13.6,12.8,12.4,13.2,12.9,12.7,11.2,11.3,,,,,,,,,,,
MENARD ISD,895,305,18.3,20.9,19.7,15.5,10.7,11.0,9.6,9.7,9.7,9.1,8.5,9.8,,,,,,,,,,,
MERCEDES ISD,163,5765,8.9,9.2,8.8,8.3,6.9,6.5,5.6,5.6,5.3,5.8,5.8,6.3,,,,,,,,,,,
MERIDIAN ISD,766,494,14.2,12.6,14.5,12.7,12.2,12.4,12.7,11.6,11.4,10.2,10.9,12.6,,,,,,,,,,,
MERKEL ISD,494,1127,21.3,22.0,20.0,19.3,18.4,15.2,14.0,12.3,11.1,11.7,11.9,11.8,,,,,,,,,,,
MESQUITE ISD,29,40161,14.0,14.6,14.3,13.8,13.2,12.8,11.7,11.2,11.0,10.3,9.9,9.6,,,,,,,,,,,
MEXIA ISD,350,1929,15.6,14.3,14.4,13.7,13.4,12.5,10.3,9.5,9.3,7.9,8.7,7.3,,,,,,,,,,,
MEYERSVILLE ISD,1101,115,14.7,12.3,11.9,14.4,12.9,12.2,11.7,,,,8.6,7.8,,,,,,,,,,,
MIAMI ISD,985,209,7.9,8.1,6.2,6.5,7.6,6.2,5.1,5.2,6.5,8.4,,6.2,,,,,,,,,,,
MID-VALLEY ACADEMY,881,324,4.0,4.8,4.1,7.9,5.6,2.7,7.4,6.9,8.2,6.6,6.1,5.6,,,,,,,,,,,
MIDLAND ACADEMY CHARTER SCHOOL,806,441,15.3,11.7,9.9,7.5,6.6,6.6,6.3,7.6,9.0,6.3,4.7,3.9,,,,,,,,,,,
MIDLAND ISD,52,24361,10.3,10.5,9.5,8.4,8.1,7.5,6.8,6.7,6.7,6.8,6.9,6.8,,,,,,,,,,,
MIDLOTHIAN ISD,129,7892,14.2,14.1,13.8,13.7,12.7,11.8,10.8,10.6,10.3,10.0,9.2,9.3,,,,,,,,,,,
MIDWAY ISD,135,7661,10.3,10.5,10.1,9.9,9.9,8.9,8.7,7.7,7.4,6.7,6.7,6.8,,,,,,,,,,,
MIDWAY ISD,1117,97,21.0,24.6,21.3,17.9,14.7,15.3,17.0,,,15.8,,,,,,,,,,,,,
MILANO ISD,803,449,17.8,18.2,18.5,16.4,17.7,16.5,15.1,14.1,14.2,11.7,10.0,7.3,,,,,,,,,,,
MILDRED ISD,668,672,11.9,12.3,10.5,10.2,9.4,8.1,6.7,6.8,6.6,6.8,5.9,6.3,,,,,,,,,,,
MILES ISD,809,438,20.6,17.0,12.7,11.6,9.3,7.3,7.7,6.2,7.7,8.8,8.3,7.1,,,,,,,,,,,
MILFORD ISD,958,241,19.1,17.9,19.1,12.1,11.9,10.8,10.3,,,,,,,,,,,,,,,,
MILLER GROVE ISD,966,230,13.5,18.5,18.6,15.6,11.9,11.5,10.0,,,,14.1,13.0,,,,,,,,,,,
MILLSAP ISD,581,879,19.1,17.3,16.2,14.8,12.6,10.8,10.6,9.8,9.2,7.4,7.8,7.6,,,,,,,,,,,
MINEOLA ISD,402,1590,15.3,15.1,14.6,13.6,11.1,11.6,9.9,9.1,9.6,8.3,7.2,6.5,,,,,,,,,,,
MINERAL WELLS ISD,252,3338,17.9,17.2,17.0,16.0,15.5,13.9,12.4,10.4,9.7,9.4,8.9,8.1,,,,,,,,,,,
MISSION CONS ISD,73,15392,6.3,6.7,7.3,7.5,8.0,8.2,9.4,8.8,8.4,7.9,7.6,7.5,,,,,,,,,,,
MONAHANS-WICKETT-PYOTE ISD,316,2270,14.8,15.6,15.5,14.5,13.0,11.9,11.7,10.5,10.7,10.5,9.8,9.5,,,,,,,,,,,
MONTAGUE ISD,1087,124,16.4,8.9,9.6,8.9,8.2,14.7,10.7,12.7,11.9,8.9,4.6,8.1,,,,,,,,,,,
MONTE ALTO ISD,521,1049,10.2,8.4,8.7,8.6,7.3,6.8,5.9,5.9,6.2,6.2,5.6,6.0,,,,,,,,,,,
MONTGOMERY ISD,128,7928,11.6,10.9,10.7,10.5,9.9,8.9,8.1,7.9,7.0,6.6,6.3,6.2,,,,,,,,,,,
MOODY ISD,658,696,14.7,16.6,16.7,15.0,14.7,13.5,13.9,14.4,15.9,12.8,12.2,9.9,,,,,,,,,,,
MORAN ISD,1116,99,29.2,29.2,29.5,29.1,22.0,17.1,14.9,,,,,,,,,,,,,,,,
MORGAN ISD,1110,108,20.8,22.1,21.9,26.6,29.7,25.2,19.8,,,,,,,,,,,,,,,,
MORGAN MILL ISD,1092,120,10.5,9.8,9.8,6.8,5.9,7.3,7.8,5.2,5.9,4.2,5.2,4.2,,,,,,,,,,,
MORTON ISD,813,433,13.9,15.1,14.1,13.6,12.3,11.1,9.8,10.8,10.3,8.8,7.8,7.6,,,,,,,,,,,
MOTLEY COUNTY ISD,1041,167,15.2,13.4,15.0,11.0,9.0,5.1,8.6,5.5,6.6,6.9,7.3,9.0,,,,,,,,,,,
MOULTON ISD,887,317,11.3,12.0,13.4,12.4,14.2,14.7,9.0,12.2,10.1,,,10.1,,,,,,,,,,,
MOUNT CALM ISD,1046,161,16.8,18.3,18.2,10.6,12.2,14.2,14.3,,,,,,,,,,,,,,,,
MOUNT ENTERPRISE ISD,827,410,15.2,15.0,13.6,14.1,12.9,10.1,8.7,9.5,10.1,9.6,10.7,10.2,,,,,,,,,,,
MOUNT PLEASANT ISD,169,5424,14.2,14.9,14.1,13.5,12.8,12.4,12.2,11.0,11.2,10.3,10.0,9.5,,,,,,,,,,,
MOUNT VERNON ISD,390,1658,14.6,14.4,14.4,14.4,12.8,11.8,10.7,10.5,10.2,9.9,9.1,8.7,,,,,,,,,,,
MUENSTER ISD,761,501,12.9,13.6,16.6,16.4,15.7,13.3,13.1,12.7,12.5,11.0,11.3,13.0,,,,,,,,,,,
MULESHOE ISD,431,1423,13.8,13.3,14.7,13.5,12.8,11.1,11.1,10.6,11.7,9.6,10.2,10.8,,,,,,,,,,,
MULLIN ISD,1114,105,21.6,17.9,16.8,18.9,20.7,13.5,11.7,14.4,,,,,,,,,,,,,,,
MUMFORD ISD,697,612,13.0,12.1,12.4,12.4,12.1,11.3,8.9,8.0,7.3,6.5,7.6,8.2,,,,,,,,,,,
MUNDAY CISD,835,397,13.0,12.0,9.7,8.5,9.7,9.4,8.7,10.0,12.3,15.2,17.2,15.6,,,,,,,,,,,
MURCHISON ISD,978,212,21.1,19.5,19.5,15.0,11.6,14.2,11.8,,,,14.6,17.0,,,,,,,,,,,
NACOGDOCHES ISD,153,6403,8.1,8.4,7.8,7.8,7.8,7.4,7.3,6.8,6.7,6.4,6.5,7.2,,,,,,,,,,,
NATALIA ISD,495,1126,13.7,14.0,12.9,10.5,9.7,7.9,7.9,8.7,9.2,9.5,9.5,10.3,,,,,,,,,,,
NAVARRO ISD,380,1741,11.3,11.1,11.4,10.7,9.3,8.6,9.4,9.0,8.7,8.1,7.6,7.5,,,,,,,,,,,
NAVASOTA ISD,266,3052,10.7,10.2,9.3,8.9,7.8,7.8,7.4,7.0,7.0,7.2,6.6,6.5,,,,,,,,,,,
NAZARETH ISD,967,227,5.0,5.9,6.2,4.6,3.9,4.0,7.2,7.9,6.5,,7.0,5.7,,,,,,,,,,,
NECHES ISD,854,369,21.1,20.4,21.5,18.4,15.2,15.1,14.6,13.2,11.9,10.6,8.8,10.8,,,,,,,,,,,
NEDERLAND ISD,175,5203,15.7,16.1,14.1,13.6,12.8,11.8,12.9,11.3,11.3,10.3,10.4,10.2,,,,,,,,,,,
NEEDVILLE ISD,270,2925,13.0,12.3,12.9,13.2,11.8,10.4,10.2,9.6,8.9,8.5,8.5,8.5,,,,,,,,,,,
NEW BOSTON ISD,443,1372,20.5,19.5,18.1,16.7,16.5,15.9,14.0,12.4,11.4,12.7,13.0,13.8,,,,,,,,,,,
NEW BRAUNFELS ISD,122,8452,11.4,11.3,10.5,9.9,8.9,8.4,7.9,7.9,7.9,7.8,7.8,7.5,,,,,,,,,,,
NEW CANEY ISD,90,12966,13.9,13.5,12.5,11.5,10.9,10.7,10.1,9.6,9.8,9.5,9.2,9.5,,,,,,,,,,,
NEW DEAL ISD,652,714,18.3,18.0,17.9,18.1,15.4,14.6,14.0,12.9,10.3,10.1,8.2,7.7,,,,,,,,,,,
NEW DIANA ISD,533,1016,13.9,12.8,12.6,11.0,9.0,8.3,8.2,6.3,6.9,6.4,5.7,5.1,,,,,,,,,,,
NEW FRONTIERS CHARTER SCHOOL,666,675,12.5,13.3,14.1,12.4,11.7,11.6,10.3,9.4,8.7,8.3,8.8,8.1,,,,,,,,,,,
NEW HOME ISD,873,346,16.1,17.5,13.8,13.7,12.0,7.7,9.2,7.7,7.9,7.6,7.0,6.9,,,,,,,,,,,
NEW SUMMERFIELD ISD,732,538,8.0,8.1,8.6,8.7,9.1,7.4,8.6,8.9,7.8,8.5,6.8,7.1,,,,,,,,,,,
NEW WAVERLY ISD,554,964,13.7,14.0,12.5,11.6,10.2,10.7,9.6,10.0,10.5,10.9,10.4,10.4,,,,,,,,,,,
NEWCASTLE ISD,984,210,14.9,16.8,12.7,14.5,14.5,11.5,12.1,,6.9,,,,,,,,,,,,,,
NEWTON ISD,535,1009,19.2,19.6,18.5,15.0,14.6,13.4,14.9,14.4,14.6,14.0,14.0,13.7,,,,,,,,,,,
NIXON-SMILEY CONS ISD,511,1085,10.8,9.2,8.9,9.1,9.0,9.6,10.3,11.1,11.3,10.4,10.3,11.1,,,,,,,,,,,
NOCONA ISD,603,809,18.0,18.0,15.9,15.5,15.5,14.0,12.6,13.7,11.8,10.1,8.8,9.1,,,,,,,,,,,
NORDHEIM ISD,1028,173,11.9,18.8,20.8,17.3,22.2,19.4,12.5,11.5,,,,,,,,,,,,,,,
NORMANGEE ISD,731,539,11.6,10.6,9.8,10.2,9.7,8.9,9.7,7.7,7.8,7.7,8.2,8.0,,,,,,,,,,,
NORTH EAST ISD,10,67902,15.3,14.5,13.2,12.3,11.5,10.5,10.1,9.7,9.2,8.9,9.0,9.2,,,,,,,,,,,
NORTH HILLS SCHOOL,285,2724,3.3,4.7,5.0,4.0,4.0,3.9,3.4,4.1,3.8,4.6,4.8,5.1,,,,,,,,,,,
NORTH HOPKINS ISD,775,486,17.3,17.1,16.2,15.7,14.1,12.9,15.3,14.8,15.3,12.8,11.7,11.7,,,,,,,,,,,
NORTH LAMAR ISD,279,2806,14.3,15.3,15.4,14.4,13.7,12.8,12.6,13.1,12.2,13.0,12.7,13.6,,,,,,,,,,,
NORTH ZULCH ISD,871,348,10.9,11.5,9.2,9.7,8.5,7.3,8.2,9.0,8.3,8.2,10.3,8.6,,,,,,,,,,,
NORTHSIDE ISD,4,103461,14.7,14.1,13.3,12.8,12.3,12.2,12.0,11.8,11.6,11.2,11.0,11.1,,,,,,,,,,,
NORTHWEST ISD,63,19799,11.3,11.5,11.9,10.9,10.1,9.5,8.9,8.6,8.2,8.0,8.0,8.1,,,,,,,,,,,
NORTHWEST PREPARATORY,898,303,12.5,15.6,15.5,14.8,4.3,7.0,9.7,,7.3,4.8,,5.6,,,,,,,,,,,
NOVA CHARTER SCHOOL (SOUTHEAST),644,721,5.6,5.7,4.6,3.6,5.0,4.5,4.4,7.2,7.4,5.2,6.2,5.7,,,,,,,,,,,
NUECES CANYON CISD,900,297,19.6,21.8,21.7,17.5,15.8,12.5,15.6,16.5,15.3,12.6,10.9,11.8,,,,,,,,,,,
NURSERY ISD,1095,118,15.6,19.6,18.1,18.0,16.4,14.7,11.4,13.2,8.4,8.7,8.5,10.2,,,,,,,,,,,
NYOS CHARTER SCHOOL,562,922,9.2,9.4,8.8,8.3,7.6,7.8,8.6,8.8,8.6,9.5,7.9,7.7,,,,,,,,,,,
O'DONNELL ISD,886,321,14.7,19.4,12.6,9.0,9.5,8.6,10.4,8.3,8.5,5.5,6.4,6.9,,,,,,,,,,,
OAKWOOD ISD,1012,186,16.2,14.2,13.7,14.7,15.5,13.1,14.9,,,,,,,,,,,,,,,,
ODEM-EDROY ISD,536,1007,9.8,11.2,10.8,9.9,9.9,10.4,11.2,10.3,8.5,8.6,6.7,6.1,,,,,,,,,,,
ODYSSEY ACADEMY INC,624,761,7.6,3.7,4.1,5.1,5.3,4.9,4.3,4.3,5.2,6.3,8.6,8.8,,,,,,,,,,,
OGLESBY ISD,1016,184,15.6,20.1,20.5,20.0,15.6,10.1,9.9,,7.9,6.5,7.1,7.6,,,,,,,,,,,
OLFEN ISD,1129,55,10.7,13.0,15.5,15.5,11.5,14.9,12.0,11.4,17.9,11.5,14.1,10.9,,,,,,,,,,,
OLNEY ISD,643,725,20.2,19.4,15.8,14.6,13.5,11.7,12.4,11.9,12.6,12.7,12.2,13.9,,,,,,,,,,,
OLTON ISD,683,642,13.6,11.8,14.2,14.2,15.6,14.4,12.8,12.1,11.2,9.3,10.2,8.3,,,,,,,,,,,
ONALASKA ISD,573,894,19.8,20.7,19.8,20.4,18.8,16.3,13.3,12.0,10.7,9.8,10.2,11.4,,,,,,,,,,,
ONE STOP MULTISERVICE CHARTER SCHO,472,1219,13.1,10.4,6.7,4.4,5.4,5.7,7.8,7.7,9.4,9.3,7.3,5.7,,,,,,,,,,,
ORANGE GROVE ISD,353,1910,11.7,11.6,11.5,10.9,10.3,9.5,9.7,9.9,9.0,9.1,9.7,10.0,,,,,,,,,,,
ORANGEFIELD ISD,372,1780,12.9,13.8,12.7,12.3,11.3,11.3,10.5,10.1,9.6,9.4,8.6,7.2,,,,,,,,,,,
ORE CITY ISD,587,868,16.2,16.2,16.0,17.4,15.0,15.3,16.5,14.1,11.6,11.0,9.6,10.1,,,,,,,,,,,
OVERTON ISD,751,510,14.4,13.5,13.5,10.5,12.2,13.5,11.0,9.6,7.9,7.7,7.4,8.4,,,,,,,,,,,
PADUCAH ISD,988,207,18.4,15.1,15.2,12.9,12.2,10.5,10.6,12.6,,,,,,,,,,,,,,,
PAINT CREEK ISD,1078,133,23.1,20.8,15.2,14.4,9.5,8.2,7.4,6.5,8.2,,8.3,9.8,,,,,,,,,,,
PAINT ROCK ISD,981,211,14.3,12.1,9.4,10.1,6.5,6.2,7.2,8.1,8.4,,,,,,,,,,,,,,
PALACIOS ISD,429,1442,10.1,9.4,8.9,8.7,8.3,7.3,7.2,7.4,7.3,8.1,9.1,9.2,,,,,,,,,,,
PALESTINE ISD,251,3348,9.8,10.8,10.5,9.3,8.1,7.6,6.5,6.0,6.7,7.5,7.6,8.6,,,,,,,,,,,
PALMER ISD,488,1145,15.8,15.6,15.7,18.0,15.7,13.5,14.4,12.1,13.1,13.6,13.6,13.4,,,,,,,,,,,
PALO PINTO ISD,1088,124,17.4,15.3,10.1,14.8,10.3,8.9,11.0,7.3,8.3,6.5,5.2,6.5,,,,,,,,,,,
PAMPA ISD,223,3838,11.9,12.0,11.7,11.7,11.5,10.7,9.5,10.1,9.5,9.5,9.5,9.7,,,,,,,,,,,
PANHANDLE ISD,680,648,16.6,18.1,15.3,14.4,12.0,10.1,8.8,9.1,10.0,9.6,8.3,8.8,,,,,,,,,,,
PANOLA CHARTER SCHOOL,1053,155,34.7,29.9,25.6,17.4,10.6,7.6,6.4,5.1,3.9,4.7,6.2,10.3,,,,,,,,,,,
PANTHER CREEK CONS ISD,1065,143,13.0,15.1,15.2,15.5,13.0,14.7,11.6,,,,8.2,5.6,,,,,,,,,,,
PARADIGM ACCELERATED SCHOOL,229,3650,13.6,24.3,21.7,16.0,20.2,13.4,16.1,16.0,7.9,7.4,7.4,7.3,,,,,,,,,,,
PARADISE ISD,493,1128,14.0,14.8,15.5,15.5,13.5,13.2,12.3,12.2,10.6,9.2,11.0,10.7,,,,,,,,,,,
PARIS ISD,236,3554,15.3,15.9,14.1,13.1,12.3,12.1,10.8,10.9,10.5,9.8,10.4,11.3,,,,,,,,,,,
PASADENA ISD,15,55531,7.7,7.9,8.0,8.1,7.7,7.3,7.4,7.7,8.2,8.7,8.9,9.2,,,,,,,,,,,
PASO DEL NORTE ACADEMY,907,288,7.1,7.0,3.7,4.2,4.2,5.8,7.3,6.4,5.5,3.8,3.1,2.4,,,,,,,,,,,
PATTON SPRINGS ISD,1115,99,19.6,18.5,11.8,10.8,12.1,14.1,13.0,14.6,9.3,6.6,11.4,17.2,,,,,,,,,,,
PAWNEE ISD,1018,182,7.7,7.1,4.8,5.2,5.8,8.1,5.8,8.0,7.8,7.7,9.1,,,,,,,,,,,,
PEARLAND ISD,61,20520,9.0,9.6,9.9,10.1,9.6,9.5,9.3,9.6,9.3,9.1,8.8,8.6,,,,,,,,,,,
PEARSALL ISD,306,2361,9.9,11.0,10.0,9.7,9.4,9.3,8.0,7.2,8.1,8.7,8.6,8.7,,,,,,,,,,,
PEASTER ISD,508,1088,13.8,14.2,13.9,12.4,10.1,8.6,8.8,8.8,8.5,8.3,9.4,9.5,,,,,,,,,,,
PECOS-BARSTOW-TOYAH ISD,300,2433,12.5,12.8,12.9,13.0,12.6,10.9,9.9,9.5,8.7,9.1,8.7,8.5,,,,,,,,,,,
PEGASUS CHARTER SCHOOL,671,662,8.0,9.4,16.8,16.0,11.3,9.0,9.1,9.1,9.7,8.6,7.3,8.6,,,,,,,,,,,
PENELOPE ISD,1005,191,13.4,13.9,13.2,14.1,16.2,13.4,11.2,,,,,,,,,,,,,,,,
PERRIN-WHITT CONS ISD,867,352,9.0,9.0,8.6,8.8,8.8,9.3,9.8,11.7,10.4,11.2,10.1,10.8,,,,,,,,,,,
PERRYTON ISD,302,2425,9.5,9.9,8.9,8.0,6.9,6.5,6.4,6.4,6.8,7.0,6.6,6.9,,,,,,,,,,,
PETERSBURG ISD,956,243,14.7,16.0,14.5,15.3,11.9,11.9,9.0,,7.5,6.6,7.9,,,,,,,,,,,,
PETROLIA ISD,742,520,12.3,13.2,14.1,14.2,12.1,10.3,11.8,10.1,10.3,9.2,9.0,9.4,,,,,,,,,,,
PETTUS ISD,819,425,15.5,17.0,15.0,12.5,13.0,11.2,12.0,9.7,10.2,10.6,11.2,10.8,,,,,,,,,,,
PEWITT ISD,543,988,18.1,16.7,14.8,11.9,10.5,9.8,9.2,10.2,9.6,8.8,9.0,9.6,,,,,,,,,,,
PFLUGERVILLE ISD,54,23942,11.3,10.6,10.3,9.6,9.2,9.1,9.3,9.3,9.8,10.0,10.0,10.1,,,,,,,,,,,
PHARR-SAN JUAN-ALAMO ISD,41,32282,8.7,8.8,8.2,8.0,7.6,7.2,6.8,6.6,6.3,6.0,6.0,6.0,,,,,,,,,,,
PHOENIX CHARTER SCHOOL,649,717,10.2,12.2,13.6,10.9,10.4,10.6,10.0,9.5,11.2,12.3,10.8,9.1,,,,,,,,,,,
PILOT POINT ISD,437,1391,13.0,12.9,11.5,11.6,10.3,8.8,8.8,9.6,8.2,8.9,7.4,6.8,,,,,,,,,,,
PINE TREE ISD,194,4628,11.2,11.2,10.6,10.2,10.2,9.8,9.3,8.2,7.9,7.9,8.0,8.3,,,,,,,,,,,
PINEYWOODS COMMUNITY ACADEMY,602,811,12.2,9.7,11.8,12.9,11.5,14.8,11.6,8.8,8.7,7.1,6.6,6.0,,,,,,,,,,,
PITTSBURG ISD,299,2439,16.0,15.8,15.3,16.2,15.5,15.4,13.7,12.5,11.7,10.3,10.9,10.3,,,,,,,,,,,
PLAINS ISD,797,457,14.0,12.5,11.9,11.8,10.2,9.0,11.1,10.3,9.5,7.6,8.2,7.2,,,,,,,,,,,
PLAINVIEW ISD,165,5569,14.3,14.4,14.9,14.6,13.6,13.2,12.8,12.3,11.2,9.9,8.4,8.4,,,,,,,,,,,
PLANO ISD,16,54471,11.6,11.6,11.4,11.3,11.2,11.0,10.5,10.4,10.3,10.0,9.8,10.0,,,,,,,,,,,
PLEASANT GROVE ISD,331,2120,8.4,10.5,9.3,8.5,6.8,7.1,7.0,7.3,7.2,7.0,7.7,8.8,,,,,,,,,,,
PLEASANTON ISD,235,3568,18.2,15.9,14.5,12.6,10.3,10.4,9.3,8.4,8.3,8.1,7.0,7.2,,,,,,,,,,,
PLEMONS-STINNETT-PHILLIPS CONS ISD,670,666,19.0,20.5,17.2,15.4,14.4,14.5,13.6,11.7,11.8,11.4,10.5,10.1,,,,,,,,,,,
POINT ISABEL ISD,292,2504,11.2,11.8,11.0,10.6,10.0,8.7,8.4,8.7,9.3,9.1,9.0,8.8,,,,,,,,,,,
PONDER ISD,455,1300,15.6,12.8,12.5,12.3,13.3,12.3,12.1,12.1,9.9,8.6,7.6,7.5,,,,,,,,,,,
POOLVILLE ISD,735,535,16.0,13.6,12.2,12.6,10.1,9.0,8.7,8.0,7.6,8.0,9.6,8.0,,,,,,,,,,,
POR VIDA ACAD CHARTER H S,866,352,12.3,13.0,12.0,14.0,19.6,21.4,23.9,16.9,13.7,14.6,16.9,9.9,,,,,,,,,,,
PORT ARANSAS ISD,759,504,15.2,16.6,14.4,12.9,9.4,8.2,6.4,6.3,5.7,5.7,7.3,8.7,,,,,,,,,,,
PORT ARTHUR ISD,115,9039,9.3,9.6,9.1,9.4,9.1,8.4,8.6,8.3,7.8,7.5,7.2,7.1,,,,,,,,,,,
PORT NECHES-GROVES ISD,184,4909,11.5,11.3,11.2,11.5,10.9,9.6,9.2,9.2,8.6,9.2,8.6,8.9,,,,,,,,,,,
POSITIVE SOLUTIONS CHARTER SCHOOL,1030,172,12.6,13.9,12.7,14.6,9.9,9.7,7.6,5.1,13.2,5.4,,,,,,,,,,,,,
POST ISD,583,877,14.8,17.2,13.4,12.5,11.2,10.2,10.3,10.8,10.5,9.7,9.2,9.6,,,,,,,,,,,
POTEET ISD,379,1744,14.8,12.6,11.2,10.0,8.5,8.4,7.6,7.0,7.3,7.2,7.5,7.8,,,,,,,,,,,
POTH ISD,598,824,10.4,10.7,11.9,11.2,10.8,11.6,11.0,10.0,9.5,8.8,8.1,7.6,,,,,,,,,,,
POTTSBORO ISD,438,1385,15.2,14.9,15.1,14.6,12.5,11.8,10.5,10.0,10.2,9.8,9.6,8.7,,,,,,,,,,,
PRAIRIE LEA ISD,1044,163,18.0,13.5,11.3,9.6,9.5,7.4,9.5,,13.3,,,,,,,,,,,,,,
PRAIRIE VALLEY ISD,1071,140,23.7,21.6,22.7,18.0,15.9,14.1,13.5,,7.9,7.8,8.6,10.0,,,,,,,,,,,
PRAIRILAND ISD,491,1130,17.2,16.5,14.6,14.8,13.4,12.3,12.8,11.9,10.2,10.0,9.5,10.5,,,,,,,,,,,
PREMONT ISD,757,507,15.9,17.9,16.5,14.6,13.0,12.5,10.9,11.6,12.5,11.8,10.8,10.3,,,,,,,,,,,
PRESIDIO ISD,441,1375,9.0,8.8,7.6,5.8,5.1,4.5,4.2,4.8,4.7,5.8,6.0,7.3,,,,,,,,,,,
PRIDDY ISD,1103,115,11.4,10.9,11.7,9.0,7.2,9.6,8.4,10.3,9.8,9.0,9.7,8.7,,,,,,,,,,,
PRINCETON ISD,225,3788,13.5,12.0,13.4,13.9,14.5,13.9,14.2,11.5,10.6,10.9,10.8,10.7,,,,,,,,,,,
PRINGLE-MORSE CONS ISD,1089,123,19.4,17.7,13.2,7.8,6.4,7.2,9.0,11.6,9.4,9.8,9.5,11.4,,,,,,,,,,,
PROGRESO ISD,343,2031,6.3,5.6,5.0,4.9,4.5,4.8,5.6,5.6,5.5,5.1,5.1,5.2,,,,,,,,,,,
PROSPER ISD,142,7069,13.3,12.0,10.5,8.7,7.8,6.1,6.6,6.6,6.8,7.0,7.5,7.9,,,,,,,,,,,
QUANAH ISD,726,552,23.1,20.6,20.4,17.3,15.7,17.3,16.0,12.8,13.9,12.2,12.2,10.7,,,,,,,,,,,
QUEEN CITY ISD,526,1034,21.1,20.1,16.5,14.3,13.4,10.7,10.4,10.8,10.1,8.7,8.7,8.7,,,,,,,,,,,
QUINLAN ISD,290,2542,18.7,18.3,16.9,15.1,14.0,13.2,12.2,11.8,12.8,12.0,11.0,11.8,,,,,,,,,,,
QUITMAN ISD,506,1100,12.6,13.9,14.3,13.2,11.4,11.2,10.8,10.7,10.5,9.3,9.7,10.2,,,,,,,,,,,
RADIANCE ACADEMY OF LEARNING,720,579,11.1,10.2,10.2,10.8,9.2,10.0,6.9,6.5,7.1,7.7,6.3,6.2,,,,,,,,,,,
RAINS ISD,393,1637,16.6,16.0,14.3,13.6,13.3,13.9,12.5,11.1,10.1,10.2,10.7,10.5,,,,,,,,,,,
RALLS ISD,715,585,21.5,23.1,21.9,18.6,16.0,13.9,13.3,13.7,13.5,11.9,10.3,10.8,,,,,,,,,,,
RANCH ACADEMY,1123,85,,,,,,,,8.6,6.2,9.7,12.1,15.3,,,,,,,,,,,
RANDOLPH FIELD ISD,456,1293,11.5,11.2,10.9,10.2,8.5,6.6,6.0,6.8,6.5,5.5,5.7,5.6,,,,,,,,,,,
RANGER ISD,796,457,23.4,23.3,19.6,17.8,16.3,13.6,13.1,10.0,10.7,13.8,11.4,10.7,,,,,,,,,,,
RANKIN ISD,920,277,14.7,17.9,15.9,12.6,10.1,9.0,10.4,7.8,7.6,6.1,5.0,5.4,,,,,,,,,,,
RAPOPORT CHARTER SCHOOL,612,783,8.3,7.6,9.1,5.1,5.6,7.0,6.8,6.2,5.4,4.9,4.8,5.7,,,,,,,,,,,
RAUL YZAGUIRRE SCHOOL FOR SUCCESS,457,1290,7.4,7.6,7.1,7.8,6.4,6.4,5.0,8.6,7.6,7.0,7.4,7.1,,,,,,,,,,,
RAYMONDVILLE ISD,335,2105,10.9,11.6,11.8,10.8,9.5,8.7,8.1,7.6,7.0,6.6,6.4,6.7,,,,,,,,,,,
REAGAN COUNTY ISD,575,888,16.7,15.6,14.3,11.4,8.7,8.3,6.6,5.9,6.8,6.4,6.1,6.8,,,,,,,,,,,
RED LICK ISD,737,533,8.8,12.8,11.3,9.8,8.8,7.1,8.1,6.9,6.6,4.5,5.2,6.4,,,,,,,,,,,
RED OAK ISD,164,5629,14.8,16.1,15.6,14.9,14.5,12.1,11.8,10.7,10.5,9.8,10.1,10.5,,,,,,,,,,,
REDWATER ISD,486,1148,15.5,14.9,13.8,13.3,12.7,10.7,10.2,10.0,10.0,7.8,8.8,7.9,,,,,,,,,,,
REFUGIO ISD,629,752,19.4,18.0,15.3,13.8,13.4,12.9,12.4,11.1,11.2,10.1,9.8,8.5,,,,,,,,,,,
RICARDO ISD,663,681,11.0,10.5,8.8,7.6,5.6,5.9,5.3,3.8,4.3,2.6,3.1,5.0,,,,,,,,,,,
RICE CONS ISD,462,1258,16.7,15.1,14.3,14.3,16.3,14.8,12.5,10.8,9.9,10.0,10.1,10.7,,,,,,,,,,,
RICE ISD,578,881,17.5,16.2,13.6,11.5,10.5,8.8,8.5,7.2,6.4,6.2,5.8,6.7,,,,,,,,,,,
RICHARD MILBURN ACADEMY-KILLEEN,386,1705,14.9,11.8,9.3,10.8,8.1,14.9,15.5,,23.8,22.0,,9.8,,,,,,,,,,,
RICHARDS ISD,1064,144,11.0,14.8,13.9,13.5,13.3,7.6,7.1,7.9,9.8,9.4,9.6,6.9,,,,,,,,,,,
RICHARDSON ISD,32,38605,12.4,11.9,12.0,11.8,11.7,11.3,11.3,11.0,11.1,10.9,10.5,10.5,,,,,,,,,,,
RICHLAND SPRINGS ISD,1098,117,22.9,25.0,20.7,19.8,14.9,14.1,12.1,9.8,9.9,10.0,8.3,12.8,,,,,,,,,,,
RIESEL ISD,709,596,18.1,19.1,17.0,17.5,14.4,13.2,12.6,12.8,11.9,11.2,11.4,9.1,,,,,,,,,,,
RIO GRANDE CITY CISD,102,10905,12.8,13.0,12.8,12.7,12.0,11.6,11.2,11.0,10.6,9.3,9.6,9.4,,,,,,,,,,,
RIO HONDO ISD,325,2183,16.0,15.7,14.4,12.2,10.8,9.4,8.5,7.4,7.1,7.1,7.3,8.2,,,,,,,,,,,
RIO VISTA ISD,623,762,17.8,19.9,16.4,13.8,13.4,14.0,13.9,14.9,14.1,13.3,11.1,11.8,,,,,,,,,,,
RIPLEY HOUSE CHARTER SCHOOL,360,1867,8.5,5.2,6.9,7.9,5.5,4.1,5.4,6.3,6.9,8.9,9.9,9.1,,,,,,,,,,,
RISE ACADEMY,931,267,9.1,6.1,8.8,10.2,9.4,8.2,8.6,,14.1,,14.6,12.7,,,,,,,,,,,
RISING STAR ISD,1034,171,15.1,18.9,16.7,12.4,13.3,10.6,9.8,,,,,,,,,,,,,,,,
RIVER ROAD ISD,452,1312,12.4,13.1,12.4,11.0,10.8,10.9,9.7,9.5,10.3,9.2,10.5,10.2,,,,,,,,,,,
RIVERCREST ISD,665,677,14.9,13.7,14.8,14.1,12.4,9.8,9.2,8.4,10.5,10.8,10.1,10.8,,,,,,,,,,,
RIVIERA ISD,816,429,12.3,10.4,12.6,11.6,10.3,9.6,7.8,6.9,7.6,6.3,5.7,6.8,,,,,,,,,,,
ROBERT LEE ISD,922,275,15.4,14.2,13.8,12.1,9.4,11.9,11.6,,,,,13.1,,,,,,,,,,,
ROBINSON ISD,312,2319,15.2,14.5,13.8,13.1,12.4,12.0,11.4,12.1,11.5,11.1,10.7,10.1,,,,,,,,,,,
ROBSTOWN ISD,272,2887,16.2,16.8,15.9,13.9,13.4,12.3,10.9,10.2,10.0,9.4,9.6,10.1,,,,,,,,,,,
ROBY CONS ISD,918,277,16.3,18.0,12.7,9.8,9.0,9.4,10.6,8.3,,7.9,,7.9,,,,,,,,,,,
ROCHELLE ISD,995,204,16.2,17.2,15.7,14.2,11.6,10.8,7.5,,,,,,,,,,,,,,,,
ROCKDALE ISD,401,1593,15.5,16.0,13.6,12.3,11.7,10.4,10.3,10.5,9.5,8.9,9.7,9.8,,,,,,,,,,,
ROCKSPRINGS ISD,941,257,11.9,13.5,13.3,11.5,11.4,11.0,10.7,10.1,,7.7,,,,,,,,,,,,,
ROCKWALL ISD,78,14984,10.4,10.2,9.7,9.7,9.1,8.6,8.5,8.4,8.4,8.7,8.6,8.8,,,,,,,,,,,
ROGERS ISD,590,857,13.6,13.7,13.1,12.0,11.5,10.5,8.9,8.2,8.6,7.2,7.2,6.9,,,,,,,,,,,
ROMA ISD,152,6439,8.3,8.5,7.5,7.2,6.6,6.1,5.3,5.0,4.9,4.5,4.6,5.0,,,,,,,,,,,
ROOSEVELT ISD,518,1058,14.8,13.9,15.1,12.6,11.2,10.2,9.3,8.8,8.5,9.5,9.1,8.4,,,,,,,,,,,
ROPES ISD,888,316,12.2,10.4,9.9,10.9,9.3,10.1,9.6,7.9,7.4,,8.0,7.3,,,,,,,,,,,
ROSCOE ISD,719,583,10.6,13.8,12.0,13.0,12.7,12.4,11.5,9.6,7.6,5.8,5.2,4.6,,,,,,,,,,,
ROSEBUD-LOTT ISD,688,632,17.9,19.1,19.3,18.4,17.3,16.6,15.0,14.6,13.7,13.0,12.0,11.9,,,,,,,,,,,
ROTAN ISD,945,255,22.9,23.2,20.8,17.5,14.8,14.8,14.2,13.1,10.6,11.3,,,,,,,,,,,,,
ROUND ROCK ISD,23,47130,9.9,9.5,8.9,8.5,7.8,7.4,7.4,7.3,7.6,7.8,8.1,8.4,,,,,,,,,,,
ROUND TOP-CARMINE ISD,913,284,9.6,7.3,8.3,9.0,8.2,8.8,8.8,,,,10.9,10.6,,,,,,,,,,,
ROXTON ISD,1055,153,21.5,17.8,15.9,16.2,15.6,12.3,13.8,,17.7,,,,,,,,,,,,,,
ROYAL ISD,323,2200,11.6,10.8,10.7,11.3,10.3,9.8,9.1,8.5,8.2,8.1,8.5,8.7,,,,,,,,,,,
ROYSE CITY ISD,177,5068,14.3,13.5,11.4,10.1,9.6,8.9,8.1,7.8,8.0,7.7,7.6,7.7,,,,,,,,,,,
RULE ISD,1090,122,10.2,10.5,11.7,13.8,14.3,13.3,11.7,7.9,11.6,,,,,,,,,,,,,,
RUNGE ISD,885,321,17.4,15.4,13.9,11.2,9.3,7.9,7.7,,10.6,,10.0,10.3,,,,,,,,,,,
RUSK ISD,320,2208,14.0,13.8,14.2,13.4,12.0,11.4,10.8,11.0,11.1,11.0,10.6,11.4,,,,,,,,,,,
S AND S CONS ISD,593,841,15.1,14.9,12.6,11.7,11.6,10.8,10.2,9.0,8.9,9.3,8.5,8.7,,,,,,,,,,,
SABINAL ISD,745,515,15.1,13.9,13.1,12.5,14.1,12.2,10.8,10.2,8.8,8.6,9.4,9.9,,,,,,,,,,,
SABINE ISD,434,1404,13.2,13.7,13.3,12.0,10.3,8.1,8.7,7.8,7.8,7.8,8.2,8.5,,,,,,,,,,,
SABINE PASS ISD,846,379,15.4,14.0,8.9,8.5,5.4,3.9,3.6,3.0,3.8,3.5,2.9,3.2,,,,,,,,,,,
SAINT JO ISD,943,257,16.2,13.6,13.0,11.9,13.1,12.5,12.7,13.3,13.9,11.3,13.3,12.8,,,,,,,,,,,
SALADO ISD,405,1562,10.7,11.9,11.0,11.0,10.0,8.6,8.1,7.4,6.8,7.0,6.2,5.2,,,,,,,,,,,
SALTILLO ISD,929,268,21.5,21.3,18.8,19.1,18.4,16.2,15.6,16.7,15.8,16.3,14.0,12.7,,,,,,,,,,,
SAM RAYBURN ISD,772,488,13.9,15.1,17.0,13.2,13.2,10.8,11.5,10.9,9.6,9.7,9.0,8.0,,,,,,,,,,,
SAN ANGELO ISD,76,15130,13.0,12.6,12.4,12.1,11.7,11.1,10.9,11.1,11.3,10.4,9.8,9.5,,,,,,,,,,,
SAN ANTONIO ISD,17,53498,12.7,12.3,11.9,11.9,11.8,11.4,10.5,10.1,10.2,10.1,10.0,10.2,,,,,,,,,,,
SAN ANTONIO SCHOOL FOR INQUIRY & C,808,438,13.3,11.4,20.4,14.2,14.2,16.0,13.9,13.4,14.1,12.1,12.3,14.8,,,,,,,,,,,
SAN ANTONIO TECHNOLOGY  ACADEMY,1128,58,12.8,10.0,15.6,16.2,15.7,8.6,8.2,14.5,13.1,12.8,12.9,10.3,,,,,,,,,,,
SAN AUGUSTINE ISD,621,768,14.6,13.8,12.6,12.0,12.8,11.1,10.9,11.8,12.1,11.3,12.2,12.9,,,,,,,,,,,
SAN BENITO CONS ISD,100,10995,12.0,11.5,10.3,9.7,8.6,7.9,7.2,7.0,7.1,7.3,7.4,7.5,,,,,,,,,,,
SAN DIEGO ISD,440,1381,10.2,11.6,11.1,10.2,7.8,7.2,6.7,6.6,8.0,7.6,7.5,7.8,,,,,,,,,,,
SAN ELIZARIO ISD,211,4051,12.2,12.4,11.3,10.7,9.9,9.1,8.5,8.3,7.9,7.5,7.8,8.0,,,,,,,,,,,
SAN FELIPE-DEL RIO CONS ISD,103,10657,11.9,12.4,12.7,11.8,10.4,9.6,9.2,9.7,8.6,8.0,7.9,7.8,,,,,,,,,,,
SAN ISIDRO ISD,960,240,15.0,17.0,15.4,15.1,14.4,10.6,11.9,,11.7,,,,,,,,,,,,,,
SAN MARCOS CONS ISD,133,7725,10.5,10.0,9.8,9.3,9.0,8.8,8.8,9.1,9.2,9.8,10.1,9.9,,,,,,,,,,,
SAN PERLITA ISD,915,281,13.7,14.7,12.8,10.1,10.8,8.3,6.4,7.3,,,,8.5,,,,,,,,,,,
SAN SABA ISD,655,712,15.0,15.3,15.3,14.1,12.5,11.5,9.4,10.5,10.5,10.8,10.3,11.0,,,,,,,,,,,
SANDS CISD,961,238,14.7,17.2,15.8,15.5,9.6,7.7,8.3,,7.8,6.8,8.4,8.4,,,,,,,,,,,
SANFORD ISD,595,830,15.9,16.1,15.4,12.6,13.1,12.3,10.9,12.2,11.3,11.5,12.0,13.3,,,,,,,,,,,
SANGER ISD,288,2645,16.8,16.7,14.5,13.3,12.2,10.7,10.2,10.6,10.5,9.8,9.4,9.6,,,,,,,,,,,
SANTA ANNA ISD,933,265,21.4,19.6,17.5,14.6,15.3,13.6,12.7,,,,,7.9,,,,,,,,,,,
SANTA FE ISD,193,4655,9.7,9.5,9.5,9.6,9.9,10.1,10.0,9.1,9.3,9.7,10.8,10.3,,,,,,,,,,,
SANTA GERTRUDIS ISD,689,630,9.5,13.0,12.6,9.1,8.4,6.4,4.8,3.5,3.8,4.1,3.2,2.9,,,,,,,,,,,
SANTA MARIA ISD,647,719,7.0,9.4,8.1,7.9,5.8,5.6,3.8,5.5,3.8,4.5,5.6,6.5,,,,,,,,,,,
SANTA ROSA ISD,485,1149,12.8,13.1,13.5,11.3,9.4,9.0,8.3,8.5,7.8,8.6,7.7,7.2,,,,,,,,,,,
SANTO ISD,785,478,13.7,13.1,10.8,11.1,8.2,10.6,11.4,8.2,8.2,8.8,8.6,9.0,,,,,,,,,,,
SAVOY ISD,908,288,17.6,20.0,19.0,20.4,15.3,15.6,13.9,12.0,14.4,15.1,11.9,,,,,,,,,,,,
SCHERTZ-CIBOLO-U CITY ISD,81,14636,11.8,11.7,12.0,11.7,10.3,10.0,9.4,9.3,9.2,9.1,8.5,8.4,,,,,,,,,,,
SCHLEICHER ISD,708,598,8.7,9.2,9.5,7.0,7.9,6.9,6.3,4.9,5.3,6.0,6.4,7.5,,,,,,,,,,,
SCHOOL OF EXCELLENCE IN EDUCATION,501,1115,9.3,11.8,11.0,9.9,10.0,9.6,8.9,8.8,8.4,7.5,6.8,6.8,,,,,,,,,,,
SCHULENBURG ISD,654,712,14.1,14.1,13.4,12.2,10.8,8.4,8.2,8.9,9.7,9.0,9.9,10.1,,,,,,,,,,,
SCURRY-ROSSER ISD,537,1003,18.6,18.5,16.9,15.1,13.0,12.6,11.6,12.4,10.2,9.9,9.9,9.7,,,,,,,,,,,
SEAGRAVES ISD,707,598,18.2,19.0,15.0,15.4,15.0,12.1,12.5,12.0,9.2,7.8,6.7,6.4,,,,,,,,,,,
SEALY ISD,281,2798,13.6,14.1,14.3,14.1,13.0,11.0,9.4,8.9,8.7,8.6,8.0,8.2,,,,,,,,,,,
SEGUIN ISD,138,7457,12.9,13.1,12.7,12.2,11.8,10.7,10.3,10.0,9.6,9.3,9.1,9.2,,,,,,,,,,,
SEMINOLE ISD,275,2831,16.5,14.3,14.0,12.0,10.8,10.1,9.5,9.8,8.3,7.9,7.7,7.2,,,,,,,,,,,
SER-NINOS CHARTER SCHOOL,527,1031,5.6,4.5,4.9,4.3,5.3,4.0,3.9,2.9,4.3,4.0,4.0,4.0,,,,,,,,,,,
SEYMOUR ISD,710,594,18.9,18.5,11.1,9.2,11.0,9.0,8.8,9.5,10.2,11.5,10.9,10.8,,,,,,,,,,,
SHALLOWATER ISD,391,1657,13.9,13.5,12.6,11.7,10.3,10.3,11.1,9.3,9.2,8.7,7.7,7.4,,,,,,,,,,,
SHAMROCK ISD,804,447,9.8,13.1,13.1,10.0,8.3,7.8,9.0,9.8,10.9,10.0,10.6,10.1,,,,,,,,,,,
SHARYLAND ISD,108,10280,8.0,7.4,6.5,5.8,5.6,6.1,6.4,6.1,6.2,6.1,6.1,6.1,,,,,,,,,,,
SHEKINAH RADIANCE ACADEMY,630,749,11.5,9.3,5.6,8.0,6.6,7.0,7.4,6.6,6.9,6.9,6.1,7.5,,,,,,,,,,,
SHELBYVILLE ISD,596,828,12.6,12.7,12.7,12.2,11.9,9.4,8.7,7.5,6.8,7.5,9.2,10.4,,,,,,,,,,,
SHELDON ISD,126,7962,12.0,11.4,9.5,7.8,6.4,5.8,6.0,6.3,6.2,6.6,6.5,6.8,,,,,,,,,,,
SHEPHERD ISD,351,1924,14.0,14.2,14.3,12.5,10.8,10.1,9.3,8.4,8.5,9.0,7.5,6.8,,,,,,,,,,,
SHERMAN ISD,140,7087,15.5,15.1,14.0,13.7,13.0,12.6,12.5,12.6,11.5,10.7,11.0,11.2,,,,,,,,,,,
SHINER ISD,704,602,15.0,17.3,16.6,15.1,14.2,14.4,11.6,10.8,10.3,10.5,11.8,10.6,,,,,,,,,,,
SIDNEY ISD,1056,152,24.5,18.6,14.1,10.4,9.2,7.9,9.0,6.3,6.3,7.6,7.5,10.5,,,,,,,,,,,
SIERRA BLANCA ISD,1070,140,8.0,11.3,13.1,11.2,10.8,9.5,9.6,,,,,9.3,,,,,,,,,,,
SILSBEE ISD,283,2783,17.0,15.7,14.9,15.0,14.2,13.7,12.6,12.6,12.2,10.2,10.6,10.4,,,,,,,,,,,
SILVERTON ISD,1014,185,9.4,11.1,13.4,11.2,6.8,7.1,9.8,8.2,,,,,,,,,,,,,,,
SIMMS ISD,756,507,18.3,20.0,18.3,18.7,17.1,15.3,15.3,15.6,14.8,15.0,16.3,16.8,,,,,,,,,,,
SINTON ISD,324,2189,14.3,14.1,12.8,12.5,11.7,10.9,10.3,9.7,9.4,9.2,8.8,9.0,,,,,,,,,,,
SIVELLS BEND ISD,1127,62,18.8,23.7,20.0,9.5,5.4,2.7,2.9,8.8,7.0,6.8,9.9,9.7,,,,,,,,,,,
SKIDMORE-TYNAN ISD,605,803,14.1,12.3,11.8,11.9,11.2,10.9,9.8,9.5,9.9,9.6,10.0,10.2,,,,,,,,,,,
SLATON ISD,450,1320,15.4,15.8,15.9,14.4,13.0,11.9,10.1,10.3,11.2,12.8,12.8,11.8,,,,,,,,,,,
SLIDELL ISD,950,249,19.3,18.0,19.1,20.2,17.0,15.7,10.7,,,,,7.2,,,,,,,,,,,
SLOCUM ISD,840,389,17.3,17.9,21.9,17.0,15.2,11.9,12.2,11.4,11.8,10.9,11.9,12.3,,,,,,,,,,,
SMITHVILLE ISD,375,1762,12.6,14.4,13.2,12.2,11.6,10.7,11.5,11.6,10.7,10.0,9.0,8.0,,,,,,,,,,,
SMYER ISD,830,405,13.7,14.9,15.1,15.6,13.8,12.7,14.6,16.4,14.7,13.5,12.6,11.9,,,,,,,,,,,
SNOOK ISD,747,514,14.3,15.1,15.5,12.3,11.5,8.1,9.9,8.7,9.7,9.1,8.8,7.8,,,,,,,,,,,
SNYDER ISD,271,2889,15.8,17.2,16.8,14.7,12.8,12.2,12.2,12.8,12.8,10.6,9.1,8.4,,,,,,,,,,,
SOCORRO ISD,24,44552,10.1,9.9,10.1,9.7,9.2,8.4,7.7,7.8,7.9,8.0,7.9,8.2,,,,,,,,,,,
SOMERSET ISD,217,3963,12.6,11.9,11.1,10.5,9.4,9.6,9.0,8.7,8.4,8.4,9.2,8.8,,,,,,,,,,,
SOMERVILLE ISD,791,466,16.5,16.6,14.5,14.1,13.5,12.7,13.9,14.7,15.1,14.8,11.7,11.2,,,,,,,,,,,
SONORA ISD,564,919,14.3,13.9,12.3,10.4,9.2,8.1,7.6,8.2,9.3,9.1,10.3,9.5,,,,,,,,,,,
SOUTH PLAINS ACADEMY,991,206,17.4,18.4,15.4,19.9,21.8,7.4,17.7,14.2,,18.4,15.1,18.0,,,,,,,,,,,
SOUTH SAN ANTONIO ISD,109,9928,10.6,10.4,9.8,9.7,9.3,8.4,7.8,7.0,7.0,7.0,6.7,7.1,,,,,,,,,,,
SOUTH TEXAS ISD,247,3375,6.7,3.2,2.5,1.8,1.6,1.6,1.8,1.6,1.4,1.4,1.2,1.5,,,,,,,,,,,
SOUTHLAND ISD,1052,157,14.7,17.8,17.0,11.9,10.1,8.4,6.3,7.8,8.2,,,5.7,,,,,,,,,,,
SOUTHSIDE ISD,173,5308,14.9,14.5,13.4,11.4,10.6,10.0,10.0,9.5,9.7,9.9,9.5,10.0,,,,,,,,,,,
SOUTHWEST HIGH SCHOOL,355,1899,9.7,4.0,3.5,5.4,4.2,7.5,6.5,6.6,4.6,5.1,5.4,6.4,,,,,,,,,,,
SOUTHWEST ISD,87,13505,14.0,13.9,12.9,11.6,11.4,10.9,10.7,10.6,10.5,10.2,10.0,10.2,,,,,,,,,,,
SOUTHWEST PREPARATORY SCHOOL,571,898,16.1,13.3,13.5,15.6,13.0,14.0,12.5,13.6,14.1,14.6,12.8,11.1,,,,,,,,,,,
SPEARMAN ISD,580,879,10.2,9.2,8.5,8.5,8.3,7.1,6.8,7.1,7.6,7.2,6.8,6.3,,,,,,,,,,,
SPLENDORA ISD,230,3625,7.8,7.7,7.3,7.7,8.2,7.5,8.0,8.2,9.4,8.2,7.9,8.2,,,,,,,,,,,
SPRING BRANCH ISD,36,35083,10.9,11.3,11.7,11.9,10.7,9.2,8.8,8.3,7.8,7.6,7.2,7.1,,,,,,,,,,,
SPRING CREEK ISD,1113,106,14.9,15.6,13.1,9.5,11.8,9.6,8.6,9.8,8.6,7.4,3.0,4.7,,,,,,,,,,,
SPRING HILL ISD,358,1878,8.8,9.4,9.0,8.5,7.7,5.8,5.6,5.9,5.8,6.1,5.9,6.6,,,,,,,,,,,
SPRING ISD,33,36849,10.2,10.8,10.7,10.2,10.0,9.3,8.4,8.0,8.1,7.9,7.9,7.9,,,,,,,,,,,
SPRINGLAKE-EARTH ISD,844,385,19.6,21.1,18.1,17.7,13.7,10.3,11.3,13.5,12.7,12.2,10.4,13.8,,,,,,,,,,,
SPRINGTOWN ISD,250,3354,13.6,13.7,12.5,11.4,10.6,10.4,9.6,9.3,9.6,9.4,8.7,8.8,,,,,,,,,,,
SPUR ISD,916,280,9.9,7.0,10.6,9.2,9.2,9.6,10.0,10.7,,10.1,10.2,,,,,,,,,,,,
SPURGER ISD,826,412,15.6,13.5,15.6,15.8,16.0,13.8,13.3,13.4,13.3,11.4,11.0,11.4,,,,,,,,,,,
ST ANTHONY SCHOOL,892,308,,6.8,4.6,3.1,4.3,2.9,1.7,3.8,6.5,5.6,5.8,7.1,,,,,,,,,,,
ST MARY'S ACADEMY CHARTER SCHOOL,801,450,14.3,17.9,17.0,12.4,9.7,10.0,10.5,8.9,10.4,7.2,6.9,5.3,,,,,,,,,,,
STAFFORD MUNICIPAL SCHOOL DISTRICT,245,3410,9.5,9.2,8.8,8.5,8.5,7.7,7.4,7.6,8.1,7.6,8.2,7.7,,,,,,,,,,,
STAMFORD ISD,669,670,17.3,15.6,14.1,12.8,12.3,11.0,11.4,10.6,10.4,9.3,9.0,8.7,,,,,,,,,,,
STANTON ISD,552,967,14.7,13.8,14.1,13.1,12.7,12.5,9.6,8.4,8.4,8.6,8.5,8.5,,,,,,,,,,,
STAR CHARTER SCHOOL,861,362,5.2,4.8,2.8,2.3,2.2,2.0,1.6,1.2,0.9,2.7,1.7,2.5,,,,,,,,,,,
STEPHENVILLE,232,3607,10.9,10.7,9.5,8.6,8.3,7.7,7.9,7.9,8.2,7.4,7.5,7.6,,,,,,,,,,,
STERLING CITY ISD,880,326,15.4,16.2,14.5,13.7,10.3,10.0,10.6,,,,9.6,9.8,,,,,,,,,,,
STOCKDALE ISD,594,833,14.4,15.8,13.0,12.2,13.4,11.1,11.0,12.9,12.5,12.7,13.6,15.0,,,,,,,,,,,
STRATFORD ISD,723,577,8.0,8.9,8.0,7.4,7.1,8.0,8.6,8.1,8.6,8.4,7.6,7.8,,,,,,,,,,,
STRAWN ISD,1032,172,15.3,10.9,12.0,12.3,9.9,11.8,13.5,,,,,,,,,,,,,,,,
SUDAN ISD,812,434,14.5,16.2,12.8,12.8,11.1,9.9,9.1,9.6,9.2,7.2,7.1,9.0,,,,,,,,,,,
SULPHUR BLUFF ISD,979,212,13.1,17.3,13.9,15.5,11.8,11.2,11.2,,,14.0,13.8,15.1,,,,,,,,,,,
SULPHUR SPRINGS ISD,199,4377,14.1,13.5,13.1,12.2,11.3,9.8,8.8,7.8,7.9,8.4,8.0,8.5,,,,,,,,,,,
SUNDOWN ISD,667,673,8.2,8.6,10.1,10.4,8.9,8.5,8.0,8.2,7.8,7.1,7.1,6.1,,,,,,,,,,,
SUNNYVALE ISD,414,1515,6.1,6.3,4.9,5.1,6.0,6.0,7.0,6.9,6.9,8.1,8.3,9.2,,,,,,,,,,,
SUNRAY ISD,743,520,11.3,8.6,9.0,7.6,9.5,9.4,8.1,7.4,7.7,7.6,7.0,8.1,,,,,,,,,,,
SWEENY ISD,354,1903,11.7,11.4,11.7,11.3,10.0,8.7,8.3,8.4,8.2,7.9,7.8,8.2,,,,,,,,,,,
SWEET HOME ISD,1054,154,12.0,8.9,7.0,8.6,4.8,5.0,5.0,3.9,6.1,5.6,6.9,7.8,,,,,,,,,,,
SWEETWATER ISD,317,2232,14.5,15.7,14.9,13.7,12.8,12.9,14.5,14.2,13.0,12.3,12.3,11.2,,,,,,,,,,,
TAFT ISD,502,1110,16.4,16.6,16.1,15.0,14.1,13.3,12.8,12.8,10.9,10.9,10.4,10.5,,,,,,,,,,,
TAHOKA ISD,712,592,16.1,16.6,13.8,12.1,9.5,9.6,11.4,9.3,7.9,7.0,8.3,7.8,,,,,,,,,,,
TARKINGTON ISD,359,1868,9.3,10.4,8.3,9.0,7.9,7.8,7.4,7.1,7.5,8.1,7.2,8.6,,,,,,,,,,,
TATUM ISD,382,1716,10.2,9.9,10.1,9.7,9.1,9.2,8.6,7.5,5.4,7.3,7.2,7.2,,,,,,,,,,,
TAYLOR ISD,258,3225,13.2,12.5,11.5,10.7,10.3,9.5,10.4,10.0,10.7,10.8,11.3,11.3,,,,,,,,,,,
TEAGUE ISD,453,1308,13.6,13.5,12.4,13.1,10.3,9.8,7.8,7.2,7.6,7.5,6.7,7.7,,,,,,,,,,,
TECHNOLOGY EDUCATION CHARTER HIGH,496,1125,9.0,7.6,2.8,2.9,3.1,3.9,3.7,4.8,5.9,4.9,4.7,5.2,,,,,,,,,,,
TEKOA ACADEMY OF ACCELERATED STUDI,817,426,8.1,8.7,5.0,9.5,6.6,8.1,6.9,5.5,5.9,4.3,4.4,3.5,,,,,,,,,,,
TEMPLE EDUCATION CENTER,565,914,18.1,25.4,24.5,16.5,9.9,12.2,14.5,,,9.4,10.2,9.6,,,,,,,,,,,
TEMPLE ISD,121,8627,16.3,16.0,16.7,16.0,11.3,9.3,9.1,8.4,8.3,8.0,9.0,9.0,,,,,,,,,,,
TENAHA ISD,725,570,12.9,17.5,16.0,15.3,15.0,15.9,14.5,11.6,11.1,13.5,12.8,13.9,,,,,,,,,,,
TERLINGUA CSD,1122,87,9.2,10.5,10.8,10.0,10.3,8.4,7.3,7.5,8.8,8.2,10.1,11.5,,,,,,,,,,,
TERRELL COUNTY ISD,1067,142,12.3,13.5,13.7,10.4,5.9,6.5,7.2,7.2,9.2,6.9,7.1,6.3,,,,,,,,,,,
TERRELL ISD,206,4200,15.2,15.2,13.4,11.8,11.2,9.7,8.3,8.3,8.8,8.6,8.7,9.0,,,,,,,,,,,
TEXARKANA ISD,139,7185,16.6,17.6,16.0,15.0,13.7,13.1,11.8,11.9,11.1,10.2,10.1,9.4,,,,,,,,,,,
TEXAS CITY ISD,154,6345,10.3,10.4,10.2,9.7,9.5,8.7,8.6,8.6,8.8,7.9,8.3,8.0,,,,,,,,,,,
TEXAS EMPOWERMENT ACADEMY,927,271,21.6,25.4,23.1,13.9,12.6,15.6,12.3,12.7,,7.8,6.8,5.5,,,,,,,,,,,
TEXAS PREPARATORY SCHOOL,917,280,14.5,11.4,9.1,10.6,6.5,8.8,3.8,3.8,7.5,6.5,7.0,,,,,,,,,,,,
TEXHOMA ISD,980,212,7.8,7.1,9.1,7.3,7.9,6.6,7.2,7.6,7.4,7.5,9.1,7.1,,,,,,,,,,,
TEXLINE ISD,1021,181,11.0,10.2,8.2,9.8,6.8,6.3,9.5,,,7.5,9.6,,,,,,,,,,,,
THE ZOE LEARNING ACADEMY,768,493,10.1,16.4,10.0,7.3,5.4,5.7,6.1,5.7,10.8,7.7,6.6,6.3,,,,,,,,,,,
THORNDALE ISD,703,603,13.4,12.8,15.6,16.1,14.5,13.7,12.8,11.5,10.1,7.9,7.9,6.8,,,,,,,,,,,
THRALL ISD,675,655,13.4,11.9,11.3,11.6,10.8,8.4,9.5,9.2,8.6,8.5,8.6,9.3,,,,,,,,,,,
THREE RIVERS ISD,650,717,14.4,13.2,13.6,13.3,11.8,11.8,10.9,9.8,9.0,9.4,9.4,9.8,,,,,,,,,,,
THROCKMORTON ISD,1000,195,11.1,8.8,11.0,12.6,11.0,9.6,7.8,5.7,6.3,6.4,6.6,8.2,,,,,,,,,,,
TIDEHAVEN ISD,597,825,11.7,11.7,10.2,10.4,8.5,7.7,7.4,7.3,6.3,6.5,6.3,6.5,,,,,,,,,,,
TIMPSON ISD,687,633,13.9,12.6,14.4,14.4,12.4,12.5,11.7,11.8,10.8,11.6,11.9,12.6,,,,,,,,,,,
TIOGA ISD,843,385,13.0,11.8,10.9,11.5,11.9,8.1,9.4,9.2,6.3,6.3,8.5,7.5,,,,,,,,,,,
TOLAR ISD,636,742,11.4,12.1,13.7,13.8,11.3,11.1,10.7,10.7,9.0,8.2,7.0,8.0,,,,,,,,,,,
TOM BEAN ISD,661,684,15.0,14.9,14.7,14.1,12.6,14.9,12.8,11.9,10.7,10.8,11.1,12.9,,,,,,,,,,,
TOMBALL ISD,88,13226,9.0,9.2,8.2,7.3,7.3,7.0,6.8,7.0,7.2,7.5,7.9,7.6,,,,,,,,,,,
TORNILLO ISD,459,1273,6.7,7.7,7.2,6.3,5.7,3.9,4.8,4.6,5.1,4.6,5.1,4.7,,,,,,,,,,,
TREETOPS SCHOOL INTERNATIONAL,859,363,8.3,9.2,12.6,11.9,15.3,9.1,6.3,7.4,6.4,6.9,6.7,5.8,,,,,,,,,,,
TRENT ISD,976,215,15.1,14.4,12.0,14.8,9.8,9.3,6.6,7.1,6.6,8.1,6.2,6.0,,,,,,,,,,,
TRENTON ISD,755,508,13.7,14.0,16.1,16.1,16.6,13.3,11.5,9.7,9.0,8.5,9.5,8.9,,,,,,,,,,,
TRINIDAD ISD,1011,186,16.0,16.1,16.6,14.9,12.8,13.5,13.8,,,,,17.2,,,,,,,,,,,
TRINITY BASIN PREPARATORY,362,1840,11.1,9.0,6.5,5.0,3.8,3.1,3.1,2.6,4.2,5.4,6.8,7.1,,,,,,,,,,,
TRINITY ISD,463,1250,13.6,13.3,13.2,12.6,13.2,12.8,11.0,11.0,9.1,8.9,8.4,8.5,,,,,,,,,,,
TROUP ISD,514,1080,9.0,9.6,9.8,10.5,9.3,8.8,8.4,7.1,6.6,7.0,8.2,7.3,,,,,,,,,,,
TROY ISD,421,1468,18.1,17.6,17.0,14.7,14.0,11.5,10.0,9.3,9.5,8.8,9.4,10.5,,,,,,,,,,,
TULIA ISD,513,1081,12.0,12.5,13.7,12.1,11.5,9.7,10.6,11.5,10.4,10.8,11.1,11.1,,,,,,,,,,,
TULOSO-MIDWAY ISD,220,3884,11.9,11.5,11.4,11.7,11.9,11.9,11.6,11.3,10.0,9.7,9.5,10.3,,,,,,,,,,,
TURKEY-QUITAQUE ISD,1009,189,11.2,10.0,8.3,8.6,9.0,8.5,5.8,6.9,7.6,7.5,,,,,,,,,,,,,
TWO DIMENSIONS PREPARATORY ACADEMY,738,533,2.0,4.6,3.2,5.2,4.7,2.3,3.7,2.8,2.3,1.6,2.4,2.4,,,,,,,,,,,
TYLER ISD,68,17966,12.5,12.8,12.1,11.4,10.8,9.8,8.6,7.5,7.1,7.1,7.1,6.5,,,,,,,,,,,
UNION GROVE ISD,622,768,10.1,10.6,9.5,8.1,7.5,7.3,8.4,6.0,7.3,6.5,5.5,6.0,,,,,,,,,,,
UNION HILL ISD,891,310,20.1,17.1,13.2,11.6,11.5,7.8,8.7,8.1,6.7,4.9,6.1,6.1,,,,,,,,,,,
UNITED ISD ,25,43417,12.6,12.2,11.9,11.3,10.3,9.5,8.7,8.1,7.8,7.7,7.6,7.5,,,,,,,,,,,
UNIVERSAL ACADEMY,369,1792,5.3,3.4,5.0,3.8,2.4,2.1,1.6,1.7,1.7,1.8,1.9,1.8,,,,,,,,,,,
UNIVERSITY CHARTER SCHOOL,911,286,,1.5,-2.0,-2.0,0.8,0.5,2.3,1.3,4.2,6.0,5.6,6.3,,,,,,,,,,,
UNIVERSITY OF HOUSTON CHARTER SCHO,1072,139,13.3,18.9,12.0,9.1,10.8,7.8,5.3,6.7,9.8,10.5,8.0,7.2,,,,,,,,,,,
UNIVERSITY OF TEXAS ELEMENTARY CHA,896,304,7.1,6.7,10.1,7.9,9.8,9.5,8.6,7.7,7.4,,7.9,5.9,,,,,,,,,,,
UTOPIA ISD,994,205,12.8,12.0,14.1,10.4,11.5,12.5,10.1,,,,,,,,,,,,,,,,
UVALDE CONS ISD,189,4769,11.1,11.1,10.3,10.3,9.6,9.5,9.6,10.3,11.5,12.2,11.9,11.6,,,,,,,,,,,
VALLEY MILLS ISD,694,621,19.4,19.3,18.2,15.5,14.7,13.5,13.4,12.8,12.4,11.1,11.1,12.7,,,,,,,,,,,
VALLEY VIEW ISD,198,4484,9.8,9.3,8.8,8.1,7.3,6.3,5.9,5.5,5.3,5.6,5.8,5.4,,,,,,,,,,,
VALLEY VIEW ISD,634,744,11.8,14.9,14.6,14.5,12.6,11.7,12.1,11.5,11.1,10.2,9.7,11.2,,,,,,,,,,,
VAN ALSTYNE ISD,435,1399,10.8,12.1,12.3,12.3,11.2,10.1,9.5,9.1,8.3,7.1,7.6,7.9,,,,,,,,,,,
VAN ISD,307,2338,13.2,13.1,12.5,12.8,10.4,9.5,10.1,10.7,10.3,9.8,10.3,10.5,,,,,,,,,,,
VAN VLECK ISD,560,931,15.0,16.2,17.9,16.4,14.7,13.3,11.8,11.3,10.3,10.5,9.2,8.9,,,,,,,,,,,
VANGUARD ACADEMY,309,2333,6.6,5.5,4.2,3.5,2.8,2.5,1.9,1.9,2.5,2.5,3.0,3.3,,,,,,,,,,,
VARNETT CHARTER SCHOOL,397,1614,6.0,6.3,3.5,2.8,2.4,2.2,1.8,1.9,2.4,1.9,1.7,2.5,,,,,,,,,,,
VEGA ISD,864,359,16.8,17.1,17.6,13.8,14.7,12.1,9.0,7.7,7.7,8.5,9.1,7.8,,,,,,,,,,,
VENUS ISD,348,1956,22.2,20.8,17.1,16.8,14.6,12.7,10.2,9.7,8.9,7.3,6.3,5.7,,,,,,,,,,,
VERIBEST ISD,914,282,13.4,14.2,15.6,14.3,14.4,13.4,12.4,,11.6,,12.5,12.8,,,,,,,,,,,
VERNON ISD,337,2072,14.3,13.1,12.8,10.1,10.2,10.6,8.7,9.2,10.2,9.7,9.5,10.8,,,,,,,,,,,
VICTORIA ISD,82,14396,11.5,11.8,11.8,11.9,11.5,11.2,10.7,10.4,9.7,8.9,8.7,8.9,,,,,,,,,,,
VIDOR ISD,186,4879,18.3,18.7,18.0,18.0,17.7,17.2,15.8,15.4,14.6,13.6,13.1,12.9,,,,,,,,,,,
VYSEHRAD ISD,1109,110,14.9,16.7,19.0,16.0,16.0,12.9,7.4,8.8,6.2,9.0,7.3,10.9,,,,,,,,,,,
WACO CHARTER SCHOOL (EOAC),971,223,14.7,11.4,13.1,9.8,5.1,4.9,8.8,,7.7,6.5,7.4,8.1,,,,,,,,,,,
WACO ISD,80,14927,13.7,14.0,13.7,12.4,11.3,10.7,10.1,10.4,10.6,9.8,9.2,7.8,,,,,,,,,,,
WAELDER ISD,889,315,16.6,15.3,12.4,14.0,10.7,8.0,9.8,,10.8,10.1,,7.3,,,,,,,,,,,
WALCOTT ISD,1077,133,7.3,12.0,10.5,8.6,8.2,7.1,6.5,4.0,5.9,5.0,4.8,6.8,,,,,,,,,,,
WALL ISD,504,1104,12.8,11.2,10.9,10.3,10.2,9.8,8.0,7.8,6.9,5.9,5.1,6.3,,,,,,,,,,,
WALLER ISD,155,6239,9.3,8.8,8.5,7.6,7.3,6.8,6.7,7.0,7.3,7.3,6.4,5.6,,,,,,,,,,,
WALNUT SPRINGS ISD,1031,172,16.9,13.9,11.7,15.9,10.8,12.6,15.6,,,,,,,,,,,,,,,,
WARREN ISD,468,1229,13.0,12.5,11.1,11.6,10.1,9.0,9.3,8.2,8.5,8.0,7.8,7.2,,,,,,,,,,,
WASKOM ISD,566,912,15.5,15.1,15.2,14.7,14.5,12.8,13.4,12.7,11.5,10.8,10.0,9.1,,,,,,,,,,,
WATER VALLEY ISD,894,308,16.1,16.0,17.0,16.5,13.2,11.9,10.5,10.8,10.7,11.5,11.4,10.1,,,,,,,,,,,
WAXAHACHIE FAITH FAMILY ACADEMY,753,509,17.9,11.0,12.3,8.5,8.8,9.9,13.8,,5.2,4.7,6.3,5.1,,,,,,,,,,,
WAXAHACHIE ISD,127,7946,14.6,14.9,12.4,12.1,11.1,10.9,10.8,10.7,10.5,10.0,10.0,10.8,,,,,,,,,,,
WEATHERFORD ISD,134,7699,12.5,12.2,11.5,11.1,9.3,9.1,8.4,8.4,8.8,8.2,8.3,8.6,,,,,,,,,,,
WEBB CONS ISD,883,323,14.4,15.2,13.4,16.0,12.5,10.9,8.0,6.9,8.9,8.4,8.1,8.0,,,,,,,,,,,
WEIMAR ISD,685,637,16.6,17.5,14.6,14.4,10.5,10.9,12.3,11.7,10.7,9.9,8.6,8.0,,,,,,,,,,,
WELLINGTON ISD,700,604,14.9,13.6,13.3,13.2,13.1,13.6,11.7,12.3,13.2,12.2,11.6,10.6,,,,,,,,,,,
WELLMAN-UNION CONS ISD,948,250,11.5,11.2,8.8,8.1,10.6,8.8,6.6,6.2,5.8,7.6,,,,,,,,,,,,,
WELLS ISD,899,299,14.2,14.9,16.8,13.8,11.3,10.2,10.1,12.2,9.7,,6.6,10.0,,,,,,,,,,,
WESLACO ISD,70,17371,9.2,10.0,10.1,10.0,9.9,9.4,9.2,9.1,8.8,8.3,8.0,8.1,,,,,,,,,,,
WEST HARDIN COUNTY CONS ISD,717,584,13.2,17.7,15.8,16.3,15.1,13.0,12.2,10.8,11.3,11.1,9.4,8.4,,,,,,,,,,,
WEST HOUSTON CHARTER SCHOOL,730,539,15.1,15.8,23.2,10.7,9.4,7.3,8.8,6.9,7.9,9.4,6.0,5.6,,,,,,,,,,,
WEST ISD,449,1341,20.2,17.9,14.9,13.2,12.5,11.0,8.4,7.5,6.9,6.2,5.5,5.7,,,,,,,,,,,
WEST ORANGE-COVE CONS ISD,304,2407,17.3,15.7,15.4,16.5,14.6,12.8,13.1,13.0,13.3,12.5,11.1,11.1,,,,,,,,,,,
WEST OSO ISD,345,1985,12.5,13.9,14.9,14.3,14.3,13.4,13.2,12.3,12.4,11.7,10.6,10.5,,,,,,,,,,,
WEST RUSK ISD,515,1077,12.6,15.0,13.0,12.7,10.5,11.4,10.0,10.6,9.9,9.1,8.5,9.0,,,,,,,,,,,
WEST SABINE ISD,660,690,18.2,17.8,14.3,13.2,11.2,10.6,11.1,9.5,10.0,10.0,10.3,9.7,,,,,,,,,,,
WESTBROOK ISD,903,296,10.5,11.1,9.7,9.8,10.4,9.1,10.1,,,,13.4,11.1,,,,,,,,,,,
WESTLAKE ACADEMY,601,815,,6.0,9.9,11.7,10.0,8.1,7.3,6.0,4.4,4.5,4.2,4.4,,,,,,,,,,,
WESTPHALIA ISD,1048,160,7.7,8.6,6.4,3.9,6.0,8.4,12.2,,,8.4,8.9,8.8,,,,,,,,,,,
WESTWOOD ISD,399,1596,14.8,14.8,13.6,14.0,12.6,10.5,10.4,8.8,9.3,9.3,10.0,9.3,,,,,,,,,,,
WHARTON ISD,321,2208,12.8,11.9,11.1,9.9,9.9,9.6,8.6,8.0,8.5,8.4,7.7,8.3,,,,,,,,,,,
WHEELER ISD,774,487,6.3,5.4,4.3,4.0,4.5,3.9,6.0,5.4,7.3,7.9,10.4,10.9,,,,,,,,,,,
WHITE DEER ISD,855,369,13.0,12.5,12.0,10.8,9.7,10.9,11.2,10.1,7.8,7.2,6.1,8.1,,,,,,,,,,,
WHITE OAK ISD,423,1456,8.6,9.7,9.7,8.4,8.2,8.4,7.4,7.1,6.7,6.6,7.4,7.1,,,,,,,,,,,
WHITE SETTLEMENT ISD,150,6663,12.4,11.9,12.3,12.4,11.8,11.2,10.3,9.9,9.3,9.6,9.9,9.3,,,,,,,,,,,
WHITEFACE CONS ISD,860,362,11.4,11.4,10.2,7.7,7.4,6.7,9.5,11.0,13.0,12.6,12.4,12.2,,,,,,,,,,,
WHITEHOUSE ISD,191,4736,9.3,8.5,8.2,6.8,6.8,7.5,7.8,8.0,7.7,7.9,8.7,9.0,,,,,,,,,,,
WHITESBORO ISD,403,1572,16.2,16.5,15.7,13.8,13.3,12.6,12.1,12.1,10.4,9.5,9.4,9.9,,,,,,,,,,,
WHITEWRIGHT ISD,618,775,15.8,18.6,18.8,16.5,14.2,13.4,11.4,10.7,10.3,10.0,8.1,7.7,,,,,,,,,,,
WHITHARRAL ISD,1019,182,9.9,11.2,12.8,8.2,7.5,6.0,9.4,,5.5,4.1,4.6,4.4,,,,,,,,,,,
WHITNEY ISD,411,1532,12.4,11.4,10.9,11.4,10.4,11.3,11.6,10.1,11.7,11.6,12.2,11.5,,,,,,,,,,,
WICHITA FALLS ISD,83,14070,13.4,14.3,14.4,14.5,14.8,14.5,14.4,14.0,13.2,12.2,12.2,12.2,,,,,,,,,,,
WILLIS ISD,146,6910,12.8,11.7,10.3,9.3,8.1,7.5,7.0,7.2,7.4,6.9,6.9,7.2,,,,,,,,,,,
WILLS POINT ISD,301,2431,13.6,13.6,12.5,12.5,12.4,12.3,12.9,12.3,10.2,9.2,9.3,9.7,,,,,,,,,,,
WILSON ISD,1096,117,13.2,13.1,12.2,12.2,15.8,16.1,14.6,,,,10.4,,,,,,,,,,,,
WIMBERLEY ISD,332,2120,12.8,12.7,12.2,10.7,9.8,8.7,8.2,8.5,8.8,8.5,7.8,7.3,,,,,,,,,,,
WINDTHORST ISD,794,458,6.8,7.9,9.3,9.5,8.4,9.3,8.4,8.3,7.4,6.9,7.6,7.6,,,,,,,,,,,
WINFIELD ISD,1069,141,9.7,10.8,8.9,9.1,6.8,8.9,8.5,9.0,9.5,6.7,7.0,9.2,,,,,,,,,,,
WINFREE ACADEMY,464,1248,11.1,11.8,12.8,13.3,13.8,13.7,12.9,10.4,11.6,12.2,13.9,10.1,,,,,,,,,,,
WINK-LOVING ISD,829,408,12.9,10.6,8.8,8.1,9.0,7.8,10.5,7.9,8.2,8.5,7.7,7.6,,,,,,,,,,,
WINNSBORO ISD,428,1448,15.6,15.6,15.5,13.4,11.1,9.5,8.6,9.4,9.5,9.2,7.8,7.6,,,,,,,,,,,
WINONA ISD,547,977,12.0,13.2,12.2,11.6,11.6,10.8,11.3,11.3,11.9,10.8,11.6,12.1,,,,,,,,,,,
WINTERS ISD,713,589,11.8,11.2,11.3,10.3,8.3,9.9,10.1,9.4,9.3,9.6,9.3,9.2,,,,,,,,,,,
WODEN ISD,610,788,15.1,14.7,14.5,13.1,11.9,10.5,9.6,7.7,6.0,5.6,4.9,4.4,,,,,,,,,,,
WOLFE CITY ISD,691,626,18.1,15.8,14.7,12.8,10.2,9.9,8.9,8.6,9.1,10.0,12.5,11.5,,,,,,,,,,,
WOODSBORO ISD,740,527,20.9,20.9,15.9,16.7,16.0,13.0,13.9,14.5,14.5,13.3,13.5,12.3,,,,,,,,,,,
WOODSON ISD,1061,147,10.7,14.3,13.3,14.1,15.6,13.3,16.2,,,,12.0,,,,,,,,,,,,
WOODVILLE ISD,458,1283,15.3,17.0,17.0,16.8,15.6,13.7,14.6,13.4,12.7,11.6,13.0,12.2,,,,,,,,,,,
WORTHAM ISD,783,480,15.3,15.3,14.7,14.8,11.9,10.8,8.9,8.3,9.0,9.9,8.7,6.7,,,,,,,,,,,
WYLIE ISD,216,3996,11.7,11.2,10.5,9.5,8.7,8.3,7.8,7.7,7.2,7.0,6.7,6.1,,,,,,,,,,,
WYLIE ISD,85,14017,11.5,11.0,10.1,9.3,8.1,7.8,7.9,8.4,8.5,8.9,9.4,9.5,,,,,,,,,,,
YANTIS ISD,870,350,13.8,13.8,12.2,12.6,10.4,8.9,9.1,6.7,6.3,5.8,5.9,4.9,,,,,,,,,,,
YES COLLEGE PREPARATORY SCHOOL,123,8450,3.1,1.4,3.0,3.7,4.7,5.1,4.6,4.9,5.2,5.2,5.5,5.7,,,,,,,,,,,
YOAKUM ISD,392,1638,14.6,14.3,15.0,15.0,14.3,13.1,11.0,9.9,9.8,11.0,10.4,12.1,,,,,,,,,,,
YORKTOWN ISD,748,513,12.3,16.6,16.3,16.2,13.4,13.0,12.2,13.4,11.2,11.0,10.3,10.3,,,,,,,,,,,
YSLETA ISD,27,42477,11.3,11.5,11.5,11.4,11.1,10.5,10.1,10.1,10.1,10.3,10.4,11.2,,,,,,,,,,,
ZAPATA COUNTY ISD,228,3697,10.2,10.1,9.3,8.2,8.2,6.9,6.3,6.0,5.6,6.0,6.4,7.1,,,,,,,,,,,
ZAVALLA ISD,825,412,15.5,14.8,17.3,17.5,13.6,14.9,12.5,11.2,10.3,10.4,11.9,13.8,,,,,,,,,,,
ZEPHYR ISD,987,207,21.4,17.7,14.5,14.9,13.2,11.7,10.0,8.0,7.2,8.4,6.6,5.8,,,,,,,,,,,
